-- --------------------------------------------------------
-- Host:                         10.42.10.21
-- Server version:               10.3.10-MariaDB - mariadb.org binary distribution
-- Server OS:                    Win64
-- HeidiSQL Version:             9.5.0.5196
-- --------------------------------------------------------

/*!40101 SET @OLD_CHARACTER_SET_CLIENT=@@CHARACTER_SET_CLIENT */;
/*!40101 SET NAMES utf8 */;
/*!50503 SET NAMES utf8mb4 */;
/*!40014 SET @OLD_FOREIGN_KEY_CHECKS=@@FOREIGN_KEY_CHECKS, FOREIGN_KEY_CHECKS=0 */;
/*!40101 SET @OLD_SQL_MODE=@@SQL_MODE, SQL_MODE='NO_AUTO_VALUE_ON_ZERO' */;


-- Dumping database structure for evertz_interview_app
CREATE DATABASE IF NOT EXISTS `evertz_interview_app` /*!40100 DEFAULT CHARACTER SET latin1 */;
USE `evertz_interview_app`;

-- Dumping structure for table evertz_interview_app.branch
CREATE TABLE IF NOT EXISTS `branch` (
  `ID` int(11) NOT NULL AUTO_INCREMENT,
  `NAME` varchar(50) NOT NULL,
  PRIMARY KEY (`ID`)
) ENGINE=InnoDB AUTO_INCREMENT=3 DEFAULT CHARSET=utf8;

-- Dumping data for table evertz_interview_app.branch: ~2 rows (approximately)
/*!40000 ALTER TABLE `branch` DISABLE KEYS */;
INSERT INTO `branch` (`ID`, `NAME`) VALUES
	(1, 'ISE'),
	(2, 'CSE');
/*!40000 ALTER TABLE `branch` ENABLE KEYS */;

-- Dumping structure for table evertz_interview_app.candidate_coding_response
CREATE TABLE IF NOT EXISTS `candidate_coding_response` (
  `ID` int(11) NOT NULL AUTO_INCREMENT,
  `CANDIDATE_DETAILS_ID` int(11) NOT NULL,
  `CODING_QUESTION_ID` int(11) NOT NULL,
  `CANDIDATE_PROGRAM` longtext DEFAULT NULL,
  `COMPILATION_STATUS` bit(1) NOT NULL DEFAULT b'0',
  `RUN_STATUS` tinyint(4) NOT NULL DEFAULT 0,
  `ATTEMPTED_STATUS` bit(1) NOT NULL DEFAULT b'0',
  `CODING_MARKS` int(11) NOT NULL DEFAULT 0,
  PRIMARY KEY (`ID`),
  KEY `CANDIDATE_DETAILS_ID` (`CANDIDATE_DETAILS_ID`),
  KEY `CODING_QUESTION_ID` (`CODING_QUESTION_ID`),
  CONSTRAINT `CODING_QUESTION_ID` FOREIGN KEY (`CODING_QUESTION_ID`) REFERENCES `coding_questions` (`ID`),
  CONSTRAINT `candidate_coding_response_ibfk_1` FOREIGN KEY (`CANDIDATE_DETAILS_ID`) REFERENCES `candidate_details` (`ID`)
) ENGINE=InnoDB AUTO_INCREMENT=38 DEFAULT CHARSET=latin1;

-- Dumping data for table evertz_interview_app.candidate_coding_response: ~1 rows (approximately)
/*!40000 ALTER TABLE `candidate_coding_response` DISABLE KEYS */;
INSERT INTO `candidate_coding_response` (`ID`, `CANDIDATE_DETAILS_ID`, `CODING_QUESTION_ID`, `CANDIDATE_PROGRAM`, `COMPILATION_STATUS`, `RUN_STATUS`, `ATTEMPTED_STATUS`, `CODING_MARKS`) VALUES
	(37, 37, 64, NULL, b'0', 0, b'0', 0);
/*!40000 ALTER TABLE `candidate_coding_response` ENABLE KEYS */;

-- Dumping structure for table evertz_interview_app.candidate_details
CREATE TABLE IF NOT EXISTS `candidate_details` (
  `ID` int(11) NOT NULL AUTO_INCREMENT,
  `REG_NO` varchar(20) NOT NULL,
  `NAME` varchar(200) NOT NULL,
  `DOB` date NOT NULL,
  `GENDER` bit(1) NOT NULL,
  `EMAIL` varchar(50) NOT NULL,
  `MOB_NO` varchar(10) NOT NULL,
  `COLLEGE_DETAILS_ID` int(11) NOT NULL,
  `DEGREE_ID` int(11) NOT NULL,
  `BRANCH_ID` int(11) NOT NULL,
  `GRAD_YEAR` year(4) NOT NULL,
  `CGPA` decimal(4,2) NOT NULL,
  `ATTEMPTED_DATETIME` timestamp NOT NULL DEFAULT current_timestamp() ON UPDATE current_timestamp(),
  `ATTEMPTED_STATUS` bit(1) NOT NULL DEFAULT b'0',
  `MODULE_ID` int(11) NOT NULL,
  PRIMARY KEY (`ID`),
  UNIQUE KEY `REG_NO` (`REG_NO`),
  KEY `COLLEGE_DETAILS_ID_idx` (`COLLEGE_DETAILS_ID`),
  KEY `DEGREE_ID_idx` (`DEGREE_ID`),
  KEY `BRANCH_ID_idx` (`BRANCH_ID`),
  KEY `MODULE_ID` (`MODULE_ID`),
  CONSTRAINT `BRANCH_ID` FOREIGN KEY (`BRANCH_ID`) REFERENCES `branch` (`ID`),
  CONSTRAINT `COLLEGE_DETAILS_ID` FOREIGN KEY (`COLLEGE_DETAILS_ID`) REFERENCES `college_details` (`id`),
  CONSTRAINT `DEGREE_ID` FOREIGN KEY (`DEGREE_ID`) REFERENCES `degree` (`id`),
  CONSTRAINT `candidate_details_ibfk_1` FOREIGN KEY (`MODULE_ID`) REFERENCES `modules` (`ID`)
) ENGINE=InnoDB AUTO_INCREMENT=109 DEFAULT CHARSET=utf8;

-- Dumping data for table evertz_interview_app.candidate_details: ~65 rows (approximately)
/*!40000 ALTER TABLE `candidate_details` DISABLE KEYS */;
INSERT INTO `candidate_details` (`ID`, `REG_NO`, `NAME`, `DOB`, `GENDER`, `EMAIL`, `MOB_NO`, `COLLEGE_DETAILS_ID`, `DEGREE_ID`, `BRANCH_ID`, `GRAD_YEAR`, `CGPA`, `ATTEMPTED_DATETIME`, `ATTEMPTED_STATUS`, `MODULE_ID`) VALUES
	(1, '1mj15cs422', 'Noor', '1996-08-12', b'1', 'noorruqsana12@gmail.com', '9123456789', 1, 1, 1, '2020', 20.00, '2019-09-23 09:05:25', b'0', 11),
	(30, '13422HG', 'Pranab', '1995-01-04', b'0', 'xyz@gmail.com', '123456', 1, 1, 1, '2020', 70.00, '2019-09-23 09:05:25', b'0', 11),
	(34, '13412HG', 'Pranab', '1995-01-04', b'0', 'xyz@gmail.com', '123456', 1, 1, 1, '2020', 70.00, '2019-09-23 09:05:25', b'0', 11),
	(36, '13462HG', 'Pranab', '1995-01-04', b'0', 'xyz@gmail.com', '123456', 1, 1, 1, '2020', 70.00, '2019-09-23 09:05:25', b'0', 11),
	(37, '123', 'joshua selwyn', '0004-01-12', b'0', 'ijselwyn@gmail.com', '8807601600', 1, 1, 1, '2020', 40.23, '2019-09-23 09:05:25', b'0', 11),
	(40, '1234', 'joshua selwyn', '0004-01-12', b'0', 'ijselwyn@gmail.com', '8807601600', 1, 1, 1, '2020', 40.23, '2019-09-23 09:05:25', b'0', 11),
	(41, '12345', 'joshua selwyn', '0004-01-12', b'0', 'ijselwyn@gmail.com', '8807601600', 1, 1, 1, '2020', 40.23, '2019-09-23 09:05:25', b'0', 11),
	(42, '123456', 'joshua selwyn', '0004-01-12', b'0', 'ijselwyn@gmail.com', '8807601600', 1, 1, 1, '2020', 40.23, '2019-09-23 09:05:25', b'0', 11),
	(43, '456', 'joshua selwyn', '0004-01-12', b'0', 'ijselwyn@gmail.com', '8807601600', 1, 1, 1, '2020', 40.23, '2019-09-23 09:05:25', b'1', 11),
	(44, '1by15', 'joshua selwyn', '0012-01-09', b'0', 'ijselwyn@gmail.com', '8807601600', 1, 1, 1, '2020', 89.90, '2019-09-24 08:52:38', b'1', 11),
	(45, '1by', 'joshua selwyn', '0007-01-09', b'0', 'ijselwyn@gmail.com', '8807601600', 1, 1, 1, '2020', 90.90, '2019-09-23 09:05:25', b'0', 11),
	(46, '12', 'joshua selwyn', '0004-01-12', b'0', 'ijselwyn@gmail.com', '8807601600', 1, 1, 1, '2020', 40.23, '2019-09-23 09:05:25', b'0', 11),
	(47, '12456', 'joshua selwyn', '0004-01-12', b'0', 'ijselwyn@gmail.com', '8807601600', 1, 1, 1, '2020', 40.23, '2019-09-23 09:05:25', b'0', 11),
	(48, '562', 'joshua selwyn', '0004-01-12', b'0', 'ijselwyn@gmail.com', '8807601600', 1, 1, 1, '2020', 40.23, '2019-09-23 09:05:25', b'0', 11),
	(50, '1by15047', 'sanju', '0013-01-09', b'0', 'ijselwyn@gmail.com', '8807601600', 1, 1, 1, '2020', 90.90, '2019-09-23 09:05:25', b'0', 11),
	(51, '1by15is047', 'sanjana', '0010-01-09', b'0', 'sanjana@gmail.com', '9090909090', 1, 1, 1, '2020', 89.90, '2019-09-23 09:05:25', b'0', 11),
	(52, '23', 'sad', '0005-01-09', b'0', 'ijselwyn@gmail.com', '0807601600', 1, 1, 1, '2020', 89.90, '2019-09-23 09:05:25', b'0', 11),
	(53, '67', 'aaa', '0021-01-09', b'0', 'ijselwyn@gmail.com', '0880761600', 1, 1, 1, '2020', 78.90, '2019-09-23 09:05:25', b'0', 11),
	(54, '89', 'joshua selwyn', '0014-01-09', b'0', 'ijselwyn@gmail.com', '0880760160', 1, 1, 1, '2020', 78.89, '2019-09-23 09:05:25', b'0', 11),
	(55, '90j', 'jnjn', '0014-01-09', b'0', 'ijselwyn@gmail.com', '0880760160', 1, 1, 1, '2020', 78.90, '2019-09-23 09:05:25', b'0', 11),
	(57, 'r123', 'wdf', '0012-01-09', b'0', 'd@gmail.com', '7799674201', 1, 1, 1, '2020', 80.45, '2019-09-23 09:05:25', b'0', 11),
	(58, 'wed', 'qwd', '0012-01-09', b'0', 'dqd@gmail.com', '7898789878', 1, 1, 1, '2020', 90.89, '2019-09-23 09:05:25', b'0', 11),
	(59, '1mj', 'joshua selwyn', '0004-01-09', b'0', 'ijselwyn@gmail.com', '0880760160', 1, 1, 1, '2020', 34.76, '2019-09-23 09:05:25', b'0', 11),
	(60, '1mj6256', 'joshua selwyn', '0004-01-09', b'0', 'ijselwyn@gmail.com', '0880760160', 1, 1, 1, '2020', 76.09, '2019-09-23 09:05:25', b'0', 11),
	(61, '9787mj', 'joshua selwyn', '0004-01-09', b'0', 'ijselwyn@gmail.com', '0880760160', 1, 1, 1, '2020', 67.98, '2019-09-23 09:05:25', b'0', 11),
	(62, 'aX', 'ax', '0013-01-09', b'0', 'asdas@gmail.com', '1234512345', 1, 1, 1, '2020', 23.89, '2019-09-23 09:05:25', b'0', 11),
	(63, '45697873', 'joshua selwyn', '0004-01-12', b'0', 'ijselwyn@gmail.com', '0880760160', 1, 1, 1, '2020', 40.23, '2019-09-23 09:05:25', b'0', 11),
	(64, '1by15cs', 'joshua selwyn', '0006-01-09', b'0', 'ijselwyn@gmail.com', '0880760160', 1, 1, 1, '2020', 89.90, '2019-09-23 09:05:25', b'0', 11),
	(65, '1by15ec', 'joshua selwyn', '0005-01-09', b'0', 'ijselwyn@gmail.com', '0880761600', 1, 1, 1, '2020', 90.78, '2019-09-23 09:05:25', b'0', 11),
	(66, '1by15rd', 'joshua selwyn', '0005-01-09', b'0', 'ijselwyn@gmail.com', '0880601600', 1, 1, 1, '2020', 67.87, '2019-09-23 09:05:25', b'0', 11),
	(67, '201165892342233', 'Balaji M S', '0014-01-12', b'0', 'balajis@evertz.com', '9940502882', 1, 1, 1, '2020', 80.26, '2019-09-23 09:05:25', b'0', 11),
	(68, 'sdfsdf', 'joshua selwyn', '0012-01-12', b'0', 'ijselwyn@gmail.com', '0880760160', 1, 1, 1, '2020', 85.26, '2019-09-23 09:05:25', b'0', 11),
	(69, '4954DH', 'Pranab Sinha', '0019-01-10', b'0', 'psinha@evertz.com', '7077102666', 1, 1, 1, '2020', 70.00, '2019-09-23 09:05:25', b'0', 11),
	(70, '21810106013', 'Balaji M S', '0012-01-12', b'0', 'balaji@gmail.com', '9940502882', 1, 1, 1, '2020', 80.25, '2019-09-23 09:05:25', b'0', 11),
	(71, '3467', 'Pranab', '0019-01-10', b'0', 'a@c.m', '9999999999', 11, 1, 1, '2020', 70.00, '2019-09-23 09:05:25', b'0', 11),
	(72, '1byechus67677676776', 'sanjana', '0006-01-09', b'0', 'sanjana@gmail.com', '4567845678', 11, 1, 1, '2020', 90.90, '2019-09-23 09:05:25', b'0', 11),
	(73, 'dfvs', 'vsdvww', '0006-01-09', b'0', 'sanj@gmail.com', '6789067889', 1, 1, 2, '2020', 89.90, '2019-09-23 09:05:25', b'0', 11),
	(74, 'dsfsd', 'sdvsw', '0013-01-09', b'0', 'hbad@gmail.com', '4567845678', 1, 1, 1, '2020', 67.78, '2019-09-23 09:05:25', b'0', 11),
	(75, '1nr763e6', 'Ruqsana', '0012-01-08', b'0', 'shdbhv2@dbhcv.com', '1234567890', 11, 1, 1, '2020', 70.90, '2019-09-23 09:05:25', b'0', 11),
	(76, 'jo000', 'joshua selwyn', '0001-01-12', b'0', 'ijselwyn@gmail.com', '0880760160', 1, 1, 1, '2020', 40.23, '2019-09-23 09:05:25', b'0', 11),
	(77, 'fdffffdg', 'gfgg', '0019-01-09', b'0', 'sinjini@gmail.com', '4564545643', 1, 1, 1, '2020', 80.25, '2019-09-23 09:05:25', b'0', 11),
	(78, '123ko', 'joshua selwyn', '0004-01-12', b'0', 'ijselwyn@gmail.com', '0880760160', 1, 1, 1, '2020', 40.23, '2019-09-23 09:05:25', b'0', 11),
	(79, '4545HF', 'ksdnn', '0019-01-10', b'0', 'a@c.v', '8888888888', 11, 1, 1, '2020', 45.00, '2019-09-23 09:05:25', b'0', 11),
	(80, '1mj7584r7', 'Noor', '0012-01-08', b'0', 'sbcnbc@fg.com', '9876543210', 1, 1, 2, '2020', 96.00, '2019-09-23 09:05:25', b'0', 11),
	(81, 'dfdfdf', 'ssd', '0019-01-10', b'0', 'a.c@g', '7777777777', 11, 1, 1, '2020', 34.00, '2019-09-23 09:05:25', b'0', 11),
	(82, '34', 'sfg', '0019-01-10', b'0', 'a.c@f', '4444444444', 11, 1, 1, '2020', 34.00, '2019-09-23 09:05:25', b'0', 11),
	(84, '34gk', 'dkfngk', '0019-01-10', b'0', 'd.c@j', '5555555555', 11, 1, 1, '2020', 46.00, '2019-09-23 09:05:25', b'0', 11),
	(85, '45', 'dfg', '0019-01-10', b'0', 'f.c@g', '5555555555', 11, 1, 1, '2020', 45.00, '2019-09-23 09:05:25', b'0', 11),
	(86, 'hj456', 'jos', '1995-12-04', b'0', 'j@gmail.com', '8807601600', 1, 1, 1, '2020', 40.23, '2019-09-23 09:05:25', b'0', 11),
	(87, '23fg', 'erg', '1995-10-19', b'0', 's.f@h', '8888888888', 11, 1, 1, '2020', 78.00, '2019-09-23 09:05:25', b'0', 11),
	(88, '1hdhg6', 'Noo', '1996-08-12', b'0', 'dhfghg@g.c', '1234567890', 1, 1, 1, '2020', 56.99, '2019-09-23 09:05:25', b'0', 11),
	(90, '789', 'jo', '1995-12-04', b'0', 'j@gmail.com', '8807601600', 1, 1, 1, '2020', 40.23, '2019-09-23 09:05:25', b'0', 11),
	(95, '1by15is048', 'sanjana', '1997-09-12', b'0', 'sanju@gmail.com', '8908908909', 1, 1, 1, '2020', 20.89, '2019-09-24 04:23:50', b'0', 18),
	(96, 'jo4568', 'jo', '1995-04-14', b'0', 'j@gmail.com', '8807601600', 1, 1, 1, '2020', 40.23, '2019-09-24 05:52:44', b'0', 22),
	(97, 'jo8807', 'jo', '1995-04-14', b'0', 'j@gmail.com', '8807601600', 1, 1, 1, '2020', 40.23, '2019-09-24 05:55:54', b'0', 22),
	(98, 'jo789', 'jo', '1995-04-14', b'0', 'j@gmail.com', '8807601600', 1, 1, 1, '2020', 40.23, '2019-09-24 05:57:15', b'0', 22),
	(99, '78976', 'jo', '1995-04-14', b'0', 'j@gmail.com', '8807601600', 1, 1, 1, '2020', 40.23, '2019-09-24 05:59:37', b'0', 18),
	(100, '1mj764r5', 'Noor', '1996-08-12', b'0', '3754@gmail.com', '9876543210', 1, 1, 1, '2020', 78.98, '2019-09-24 06:29:34', b'0', 11),
	(101, 'jo123456789', 'josh', '1995-04-14', b'0', 'j@gmail.com', '8807601600', 1, 1, 1, '2020', 40.23, '2019-09-24 08:19:41', b'0', 22),
	(102, 'hgd', 'jsbfj', '1995-12-10', b'0', 'f.4@h', '6666666666', 11, 1, 1, '2020', 45.00, '2019-09-24 10:11:35', b'0', 11),
	(103, '234hjhk', 'mdkfmgk', '1995-12-10', b'0', 'g.s@h', '6666666666', 11, 1, 1, '2020', 67.00, '2019-09-24 10:17:22', b'0', 22),
	(104, 'jo34567', 'josh', '1995-04-14', b'0', 'j@gmail.com', '1234567890', 1, 1, 1, '2020', 40.23, '2019-09-24 10:21:57', b'0', 22),
	(106, '218101060131', 'Balaji M S', '1992-12-14', b'0', 'balajimunjuluru@gmail.com', '9940502882', 14, 1, 1, '2020', 82.36, '2019-09-24 11:12:28', b'0', 11),
	(107, '218120160132', 'Balaji M S', '1992-12-14', b'0', 'balajimunjuluru@gmail.com', '9940502882', 11, 1, 1, '2020', 80.25, '2019-09-24 17:22:48', b'0', 18),
	(108, '218120160133', 'Balaji M S', '1992-12-14', b'0', 'balajimunjuluru@gmail.com', '9940502882', 11, 1, 1, '2020', 80.25, '2019-09-24 17:23:23', b'0', 18);
/*!40000 ALTER TABLE `candidate_details` ENABLE KEYS */;

-- Dumping structure for table evertz_interview_app.candidate_response
CREATE TABLE IF NOT EXISTS `candidate_response` (
  `ID` int(11) NOT NULL AUTO_INCREMENT,
  `CANDIDATE_DETAILS_ID` int(11) NOT NULL,
  `QUESTION_ID` int(11) NOT NULL,
  `CANDIDATE_ANSWER` int(1) DEFAULT NULL,
  `ATTEMPTED_STATUS` bit(1) NOT NULL,
  PRIMARY KEY (`ID`),
  KEY `QUESTIONS_ID_idx` (`QUESTION_ID`),
  KEY `CANDIDATE_DETAILS_ID_idx` (`CANDIDATE_DETAILS_ID`),
  CONSTRAINT `CANDIDATE_DETAILS_ID` FOREIGN KEY (`CANDIDATE_DETAILS_ID`) REFERENCES `candidate_details` (`ID`),
  CONSTRAINT `QUESTIONS_ID` FOREIGN KEY (`QUESTION_ID`) REFERENCES `questions` (`id`)
) ENGINE=InnoDB AUTO_INCREMENT=2585 DEFAULT CHARSET=utf8;

-- Dumping data for table evertz_interview_app.candidate_response: ~299 rows (approximately)
/*!40000 ALTER TABLE `candidate_response` DISABLE KEYS */;
INSERT INTO `candidate_response` (`ID`, `CANDIDATE_DETAILS_ID`, `QUESTION_ID`, `CANDIDATE_ANSWER`, `ATTEMPTED_STATUS`) VALUES
	(2285, 103, 353, NULL, b'0'),
	(2286, 103, 399, NULL, b'0'),
	(2287, 103, 414, 4, b'1'),
	(2288, 103, 395, NULL, b'0'),
	(2289, 103, 432, NULL, b'0'),
	(2290, 103, 346, NULL, b'0'),
	(2291, 103, 427, NULL, b'0'),
	(2292, 103, 405, NULL, b'0'),
	(2293, 103, 373, NULL, b'0'),
	(2294, 103, 366, NULL, b'0'),
	(2295, 103, 533, NULL, b'0'),
	(2296, 103, 507, NULL, b'0'),
	(2297, 103, 461, NULL, b'0'),
	(2298, 103, 527, NULL, b'0'),
	(2299, 103, 457, NULL, b'0'),
	(2300, 103, 489, NULL, b'0'),
	(2301, 103, 511, NULL, b'0'),
	(2302, 103, 509, NULL, b'0'),
	(2303, 103, 448, NULL, b'0'),
	(2304, 103, 503, NULL, b'0'),
	(2305, 103, 841, NULL, b'0'),
	(2306, 103, 788, NULL, b'0'),
	(2307, 103, 796, NULL, b'0'),
	(2308, 103, 780, NULL, b'0'),
	(2309, 103, 778, NULL, b'0'),
	(2310, 103, 763, NULL, b'0'),
	(2311, 103, 784, NULL, b'0'),
	(2312, 103, 797, NULL, b'0'),
	(2313, 103, 831, 4, b'1'),
	(2314, 103, 804, NULL, b'0'),
	(2315, 103, 871, NULL, b'0'),
	(2316, 103, 897, NULL, b'0'),
	(2317, 103, 869, NULL, b'0'),
	(2318, 103, 925, NULL, b'0'),
	(2319, 103, 917, NULL, b'0'),
	(2320, 103, 874, NULL, b'0'),
	(2321, 103, 927, NULL, b'0'),
	(2322, 103, 910, NULL, b'0'),
	(2323, 103, 922, 4, b'1'),
	(2324, 103, 939, NULL, b'0'),
	(2325, 103, 991, NULL, b'0'),
	(2326, 103, 1028, NULL, b'0'),
	(2327, 103, 1005, NULL, b'0'),
	(2328, 103, 956, NULL, b'0'),
	(2329, 103, 1000, NULL, b'0'),
	(2330, 103, 983, NULL, b'0'),
	(2331, 103, 1031, NULL, b'0'),
	(2332, 103, 952, 2, b'1'),
	(2333, 103, 962, NULL, b'0'),
	(2334, 103, 957, NULL, b'0'),
	(2335, 103, 1139, NULL, b'0'),
	(2336, 103, 1081, NULL, b'0'),
	(2337, 103, 1061, NULL, b'0'),
	(2338, 103, 1137, NULL, b'0'),
	(2339, 103, 1072, NULL, b'0'),
	(2340, 103, 1065, NULL, b'0'),
	(2341, 103, 1054, NULL, b'0'),
	(2342, 103, 1058, NULL, b'0'),
	(2343, 103, 1067, NULL, b'0'),
	(2344, 103, 1134, NULL, b'0'),
	(2345, 104, 359, NULL, b'0'),
	(2346, 104, 425, 4, b'1'),
	(2347, 104, 428, NULL, b'0'),
	(2348, 104, 354, NULL, b'0'),
	(2349, 104, 350, NULL, b'0'),
	(2350, 104, 360, NULL, b'0'),
	(2351, 104, 346, NULL, b'0'),
	(2352, 104, 434, NULL, b'0'),
	(2353, 104, 427, NULL, b'0'),
	(2354, 104, 414, NULL, b'0'),
	(2355, 104, 472, NULL, b'0'),
	(2356, 104, 538, NULL, b'0'),
	(2357, 104, 528, NULL, b'0'),
	(2358, 104, 446, NULL, b'0'),
	(2359, 104, 532, NULL, b'0'),
	(2360, 104, 508, NULL, b'0'),
	(2361, 104, 463, NULL, b'0'),
	(2362, 104, 492, NULL, b'0'),
	(2363, 104, 524, NULL, b'0'),
	(2364, 104, 467, NULL, b'0'),
	(2365, 104, 759, NULL, b'0'),
	(2366, 104, 803, NULL, b'0'),
	(2367, 104, 749, NULL, b'0'),
	(2368, 104, 754, NULL, b'0'),
	(2369, 104, 836, NULL, b'0'),
	(2370, 104, 784, NULL, b'0'),
	(2371, 104, 778, NULL, b'0'),
	(2372, 104, 830, NULL, b'0'),
	(2373, 104, 782, NULL, b'0'),
	(2374, 104, 768, NULL, b'0'),
	(2375, 104, 927, NULL, b'0'),
	(2376, 104, 904, NULL, b'0'),
	(2377, 104, 876, NULL, b'0'),
	(2378, 104, 944, NULL, b'0'),
	(2379, 104, 905, NULL, b'0'),
	(2380, 104, 849, NULL, b'0'),
	(2381, 104, 855, NULL, b'0'),
	(2382, 104, 856, NULL, b'0'),
	(2383, 104, 906, NULL, b'0'),
	(2384, 104, 854, NULL, b'0'),
	(2385, 104, 1020, NULL, b'0'),
	(2386, 104, 1036, NULL, b'0'),
	(2387, 104, 1000, NULL, b'0'),
	(2388, 104, 1022, NULL, b'0'),
	(2389, 104, 972, NULL, b'0'),
	(2390, 104, 977, NULL, b'0'),
	(2391, 104, 979, NULL, b'0'),
	(2392, 104, 978, NULL, b'0'),
	(2393, 104, 1004, NULL, b'0'),
	(2394, 104, 963, NULL, b'0'),
	(2395, 104, 1079, NULL, b'0'),
	(2396, 104, 1080, NULL, b'0'),
	(2397, 104, 1126, NULL, b'0'),
	(2398, 104, 1112, NULL, b'0'),
	(2399, 104, 1089, NULL, b'0'),
	(2400, 104, 1076, NULL, b'0'),
	(2401, 104, 1090, NULL, b'0'),
	(2402, 104, 1063, NULL, b'0'),
	(2403, 104, 1137, NULL, b'0'),
	(2404, 104, 1085, NULL, b'0'),
	(2405, 81, 415, NULL, b'0'),
	(2406, 81, 352, NULL, b'0'),
	(2407, 81, 421, NULL, b'0'),
	(2408, 81, 348, NULL, b'0'),
	(2409, 81, 422, NULL, b'0'),
	(2410, 81, 358, NULL, b'0'),
	(2411, 81, 419, NULL, b'0'),
	(2412, 81, 349, NULL, b'0'),
	(2413, 81, 436, NULL, b'0'),
	(2414, 81, 424, NULL, b'0'),
	(2415, 81, 512, NULL, b'0'),
	(2416, 81, 465, NULL, b'0'),
	(2417, 81, 506, NULL, b'0'),
	(2418, 81, 475, NULL, b'0'),
	(2419, 81, 477, NULL, b'0'),
	(2420, 81, 466, NULL, b'0'),
	(2421, 81, 447, NULL, b'0'),
	(2422, 81, 529, NULL, b'0'),
	(2423, 81, 455, NULL, b'0'),
	(2424, 81, 478, NULL, b'0'),
	(2425, 81, 748, NULL, b'0'),
	(2426, 81, 796, NULL, b'0'),
	(2427, 81, 750, NULL, b'0'),
	(2428, 81, 754, NULL, b'0'),
	(2429, 81, 757, NULL, b'0'),
	(2430, 81, 812, NULL, b'0'),
	(2431, 81, 767, NULL, b'0'),
	(2432, 81, 781, NULL, b'0'),
	(2433, 81, 772, NULL, b'0'),
	(2434, 81, 758, NULL, b'0'),
	(2435, 81, 892, NULL, b'0'),
	(2436, 81, 853, NULL, b'0'),
	(2437, 81, 926, NULL, b'0'),
	(2438, 81, 922, NULL, b'0'),
	(2439, 81, 857, NULL, b'0'),
	(2440, 81, 905, NULL, b'0'),
	(2441, 81, 877, NULL, b'0'),
	(2442, 81, 900, NULL, b'0'),
	(2443, 81, 888, NULL, b'0'),
	(2444, 81, 928, NULL, b'0'),
	(2445, 81, 971, NULL, b'0'),
	(2446, 81, 996, NULL, b'0'),
	(2447, 81, 1003, NULL, b'0'),
	(2448, 81, 1020, NULL, b'0'),
	(2449, 81, 1013, NULL, b'0'),
	(2450, 81, 1002, NULL, b'0'),
	(2451, 81, 946, NULL, b'0'),
	(2452, 81, 949, NULL, b'0'),
	(2453, 81, 999, NULL, b'0'),
	(2454, 81, 956, NULL, b'0'),
	(2455, 81, 337, NULL, b'0'),
	(2456, 81, 333, NULL, b'0'),
	(2457, 81, 322, NULL, b'0'),
	(2458, 81, 287, NULL, b'0'),
	(2459, 81, 310, NULL, b'0'),
	(2460, 81, 303, NULL, b'0'),
	(2461, 81, 341, NULL, b'0'),
	(2462, 81, 315, NULL, b'0'),
	(2463, 81, 246, NULL, b'0'),
	(2464, 81, 344, NULL, b'0'),
	(2465, 106, 440, 3, b'1'),
	(2466, 106, 376, NULL, b'0'),
	(2467, 106, 403, NULL, b'0'),
	(2468, 106, 349, NULL, b'0'),
	(2469, 106, 384, 4, b'1'),
	(2470, 106, 441, NULL, b'0'),
	(2471, 106, 398, NULL, b'0'),
	(2472, 106, 423, NULL, b'0'),
	(2473, 106, 379, 2, b'1'),
	(2474, 106, 437, NULL, b'0'),
	(2475, 106, 522, NULL, b'0'),
	(2476, 106, 452, NULL, b'0'),
	(2477, 106, 454, NULL, b'0'),
	(2478, 106, 528, NULL, b'0'),
	(2479, 106, 494, NULL, b'0'),
	(2480, 106, 456, NULL, b'0'),
	(2481, 106, 530, NULL, b'0'),
	(2482, 106, 524, NULL, b'0'),
	(2483, 106, 492, 3, b'1'),
	(2484, 106, 504, NULL, b'0'),
	(2485, 106, 830, 1, b'1'),
	(2486, 106, 800, NULL, b'0'),
	(2487, 106, 752, NULL, b'0'),
	(2488, 106, 756, NULL, b'0'),
	(2489, 106, 770, NULL, b'0'),
	(2490, 106, 809, NULL, b'0'),
	(2491, 106, 814, NULL, b'0'),
	(2492, 106, 759, NULL, b'0'),
	(2493, 106, 838, NULL, b'0'),
	(2494, 106, 822, NULL, b'0'),
	(2495, 106, 941, NULL, b'0'),
	(2496, 106, 848, NULL, b'0'),
	(2497, 106, 893, NULL, b'0'),
	(2498, 106, 907, NULL, b'0'),
	(2499, 106, 902, NULL, b'0'),
	(2500, 106, 931, NULL, b'0'),
	(2501, 106, 925, NULL, b'0'),
	(2502, 106, 875, NULL, b'0'),
	(2503, 106, 910, NULL, b'0'),
	(2504, 106, 847, NULL, b'0'),
	(2505, 106, 1025, NULL, b'0'),
	(2506, 106, 966, NULL, b'0'),
	(2507, 106, 950, NULL, b'0'),
	(2508, 106, 1000, NULL, b'0'),
	(2509, 106, 1036, NULL, b'0'),
	(2510, 106, 978, NULL, b'0'),
	(2511, 106, 1040, NULL, b'0'),
	(2512, 106, 1003, NULL, b'0'),
	(2513, 106, 987, NULL, b'0'),
	(2514, 106, 1043, NULL, b'0'),
	(2515, 106, 319, NULL, b'0'),
	(2516, 106, 271, NULL, b'0'),
	(2517, 106, 315, NULL, b'0'),
	(2518, 106, 301, NULL, b'0'),
	(2519, 106, 341, NULL, b'0'),
	(2520, 106, 275, NULL, b'0'),
	(2521, 106, 303, NULL, b'0'),
	(2522, 106, 266, NULL, b'0'),
	(2523, 106, 255, NULL, b'0'),
	(2524, 106, 333, 1, b'1'),
	(2525, 108, 404, NULL, b'0'),
	(2526, 108, 364, NULL, b'0'),
	(2527, 108, 352, NULL, b'0'),
	(2528, 108, 375, NULL, b'0'),
	(2529, 108, 387, NULL, b'0'),
	(2530, 108, 384, NULL, b'0'),
	(2531, 108, 377, NULL, b'0'),
	(2532, 108, 440, NULL, b'0'),
	(2533, 108, 419, NULL, b'0'),
	(2534, 108, 416, NULL, b'0'),
	(2535, 108, 456, NULL, b'0'),
	(2536, 108, 477, NULL, b'0'),
	(2537, 108, 528, NULL, b'0'),
	(2538, 108, 476, NULL, b'0'),
	(2539, 108, 489, NULL, b'0'),
	(2540, 108, 522, NULL, b'0'),
	(2541, 108, 520, NULL, b'0'),
	(2542, 108, 459, NULL, b'0'),
	(2543, 108, 521, NULL, b'0'),
	(2544, 108, 472, NULL, b'0'),
	(2545, 108, 777, NULL, b'0'),
	(2546, 108, 801, NULL, b'0'),
	(2547, 108, 820, NULL, b'0'),
	(2548, 108, 782, NULL, b'0'),
	(2549, 108, 843, NULL, b'0'),
	(2550, 108, 839, NULL, b'0'),
	(2551, 108, 748, NULL, b'0'),
	(2552, 108, 768, NULL, b'0'),
	(2553, 108, 823, NULL, b'0'),
	(2554, 108, 830, NULL, b'0'),
	(2555, 108, 934, NULL, b'0'),
	(2556, 108, 859, NULL, b'0'),
	(2557, 108, 854, NULL, b'0'),
	(2558, 108, 922, NULL, b'0'),
	(2559, 108, 910, NULL, b'0'),
	(2560, 108, 933, NULL, b'0'),
	(2561, 108, 856, NULL, b'0'),
	(2562, 108, 903, NULL, b'0'),
	(2563, 108, 871, NULL, b'0'),
	(2564, 108, 896, NULL, b'0'),
	(2565, 108, 1023, NULL, b'0'),
	(2566, 108, 959, NULL, b'0'),
	(2567, 108, 958, NULL, b'0'),
	(2568, 108, 981, NULL, b'0'),
	(2569, 108, 992, NULL, b'0'),
	(2570, 108, 991, NULL, b'0'),
	(2571, 108, 1024, NULL, b'0'),
	(2572, 108, 969, NULL, b'0'),
	(2573, 108, 957, NULL, b'0'),
	(2574, 108, 1013, NULL, b'0'),
	(2575, 108, 683, NULL, b'0'),
	(2576, 108, 711, NULL, b'0'),
	(2577, 108, 712, NULL, b'0'),
	(2578, 108, 646, NULL, b'0'),
	(2579, 108, 666, NULL, b'0'),
	(2580, 108, 672, NULL, b'0'),
	(2581, 108, 708, NULL, b'0'),
	(2582, 108, 652, NULL, b'0'),
	(2583, 108, 706, NULL, b'0'),
	(2584, 108, 696, NULL, b'0');
/*!40000 ALTER TABLE `candidate_response` ENABLE KEYS */;

-- Dumping structure for table evertz_interview_app.coding_questions
CREATE TABLE IF NOT EXISTS `coding_questions` (
  `ID` int(11) NOT NULL AUTO_INCREMENT,
  `QUESTION` text NOT NULL,
  `MODULE_ID` int(1) NOT NULL,
  `BASE_CLASS_NAME` varchar(50) NOT NULL,
  PRIMARY KEY (`ID`),
  KEY `MODULE_ID1` (`MODULE_ID`),
  CONSTRAINT `MODULE_ID1` FOREIGN KEY (`MODULE_ID`) REFERENCES `modules` (`ID`)
) ENGINE=InnoDB AUTO_INCREMENT=101 DEFAULT CHARSET=utf8;

-- Dumping data for table evertz_interview_app.coding_questions: ~42 rows (approximately)
/*!40000 ALTER TABLE `coding_questions` DISABLE KEYS */;
INSERT INTO `coding_questions` (`ID`, `QUESTION`, `MODULE_ID`, `BASE_CLASS_NAME`) VALUES
	(60, 'Program Java 1', 11, 'ProgramJava1'),
	(61, 'Program Java 2', 11, 'ProgramJava2'),
	(62, 'Program Java 3', 11, 'ProgramJava3'),
	(63, 'Program Java 4', 11, 'ProgramJava4'),
	(64, 'Program Java 5', 11, 'ProgramJava5'),
	(65, 'Program Java 6', 11, 'ProgramJava6'),
	(66, 'Program Java 7', 11, 'ProgramJava7'),
	(67, 'Program Java 8', 11, 'ProgramJava8'),
	(68, 'Program Java 9', 11, 'ProgramJava9'),
	(69, 'Program Java 10', 11, 'ProgramJava10'),
	(70, 'Program Cpp 1', 17, 'ProgramCpp1'),
	(71, 'Program Cpp 2', 17, 'ProgramCpp2'),
	(72, 'Program Cpp 3', 17, 'ProgramCpp3'),
	(73, 'Program Cpp 4', 17, 'ProgramCpp4'),
	(74, 'Program Cpp 5', 17, 'ProgramCpp5'),
	(75, 'Program Cpp 6', 17, 'ProgramCpp6'),
	(76, 'Program Cpp 7', 17, 'ProgramCpp7'),
	(77, 'Program Cpp 8', 17, 'ProgramCpp8'),
	(78, 'Program Cpp 9', 17, 'ProgramCpp9'),
	(79, 'Program Cpp 10', 17, 'ProgramCpp10'),
	(80, 'Program C 1', 18, 'ProgramC1'),
	(81, 'Program C 2', 18, 'ProgramC2'),
	(82, 'Program C 3', 18, 'ProgramC3'),
	(83, 'Program C 4', 18, 'ProgramC4'),
	(84, 'Program C 5', 18, 'ProgramC5'),
	(85, 'Program C 6', 18, 'ProgramC6'),
	(86, 'Program C 7', 18, 'ProgramC7'),
	(87, 'Program C 8', 18, 'ProgramC8'),
	(88, 'Program C 9', 18, 'ProgramC9'),
	(89, 'Program C 10', 18, 'ProgramC10'),
	(90, 'Program Python 1', 22, 'ProgramPython1'),
	(91, 'Program Python 2', 22, 'ProgramPython2'),
	(92, 'Program Python 3', 22, 'ProgramPython3'),
	(93, 'Program Python 4', 22, 'ProgramPython4'),
	(94, 'Program Python 5', 22, 'ProgramPython5'),
	(95, 'Program Python 6', 22, 'ProgramPython6'),
	(96, 'Program Python 7', 22, 'ProgramPython7'),
	(97, 'Program Python 8', 22, 'ProgramPython8'),
	(98, 'Program Python 9', 22, 'ProgramPython9'),
	(99, 'Program Python 10', 22, 'ProgramPython10');
/*!40000 ALTER TABLE `coding_questions` ENABLE KEYS */;

-- Dumping structure for table evertz_interview_app.coding_test_cases
CREATE TABLE IF NOT EXISTS `coding_test_cases` (
  `ID` int(11) NOT NULL AUTO_INCREMENT,
  `CODING_QUESTION_ID` int(11) NOT NULL,
  `TEST_CASE_DATA` varchar(512) NOT NULL,
  `TEST_CASE_ANSWER` varchar(512) NOT NULL,
  `TEST_CASE_IS_HIDDEN` bit(1) NOT NULL DEFAULT b'1',
  PRIMARY KEY (`ID`),
  KEY `CODING_QUESTION_ID1` (`CODING_QUESTION_ID`),
  CONSTRAINT `CODING_QUESTION_ID1` FOREIGN KEY (`CODING_QUESTION_ID`) REFERENCES `coding_questions` (`ID`)
) ENGINE=InnoDB AUTO_INCREMENT=452 DEFAULT CHARSET=latin1;

-- Dumping data for table evertz_interview_app.coding_test_cases: ~440 rows (approximately)
/*!40000 ALTER TABLE `coding_test_cases` DISABLE KEYS */;
INSERT INTO `coding_test_cases` (`ID`, `CODING_QUESTION_ID`, `TEST_CASE_DATA`, `TEST_CASE_ANSWER`, `TEST_CASE_IS_HIDDEN`) VALUES
	(12, 60, '10', '100', b'0'),
	(13, 60, '11', '121', b'0'),
	(14, 60, '12', '144', b'0'),
	(15, 60, '13', '169', b'1'),
	(16, 60, '14', '196', b'1'),
	(17, 60, '15', '225', b'1'),
	(18, 60, '16', '256', b'1'),
	(19, 60, '17', '289', b'1'),
	(20, 60, '18', '324', b'1'),
	(21, 60, '19', '361', b'1'),
	(22, 61, '10', '20', b'0'),
	(23, 61, '11', '22', b'0'),
	(24, 61, '12', '24', b'0'),
	(25, 61, '13', '26', b'1'),
	(26, 61, '14', '28', b'1'),
	(27, 61, '15', '30', b'1'),
	(28, 61, '16', '32', b'1'),
	(29, 61, '17', '34', b'1'),
	(30, 61, '18', '36', b'1'),
	(31, 61, '19', '38', b'1'),
	(32, 62, '10,20', '30', b'0'),
	(33, 62, '10,21', '31', b'0'),
	(34, 62, '10,22', '32', b'0'),
	(35, 62, '10,23', '33', b'1'),
	(36, 62, '10,24', '34', b'1'),
	(37, 62, '10,25', '35', b'1'),
	(38, 62, '10,26', '36', b'1'),
	(39, 62, '10,27', '37', b'1'),
	(40, 62, '10,28', '38', b'1'),
	(41, 62, '10,29', '39', b'1'),
	(42, 63, '10,20', '10', b'0'),
	(43, 63, '10,21', '11', b'0'),
	(44, 63, '10,22', '12', b'0'),
	(45, 63, '10,23', '13', b'1'),
	(46, 63, '10,24', '14', b'1'),
	(47, 63, '10,25', '15', b'1'),
	(48, 63, '10,26', '16', b'1'),
	(49, 63, '10,27', '17', b'1'),
	(50, 63, '10,28', '18', b'1'),
	(51, 63, '10,29', '19', b'1'),
	(52, 64, '10,20,30', '60', b'0'),
	(53, 64, '10,20,31', '61', b'0'),
	(54, 64, '10,20,32', '62', b'0'),
	(55, 64, '10,20,33', '63', b'1'),
	(56, 64, '10,20,34', '64', b'1'),
	(57, 64, '10,20,35', '65', b'1'),
	(58, 64, '10,20,36', '66', b'1'),
	(59, 64, '10,20,37', '67', b'1'),
	(60, 64, '10,20,38', '68', b'1'),
	(61, 64, '10,20,39', '69', b'1'),
	(62, 65, '10,20,30,40', '100', b'0'),
	(63, 65, '10,20,30,41', '101', b'0'),
	(64, 65, '10,20,30,42', '102', b'0'),
	(65, 65, '10,20,30,43', '103', b'0'),
	(66, 65, '10,20,30,44', '104', b'0'),
	(67, 65, '10,20,30,45', '105', b'1'),
	(68, 65, '10,20,30,46', '106', b'1'),
	(69, 65, '10,20,30,47', '107', b'1'),
	(70, 65, '10,20,30,48', '108', b'1'),
	(71, 65, '10,20,30,49', '109', b'1'),
	(72, 65, '10 2 3', '16', b'0'),
	(73, 65, '11 2 3', '17', b'0'),
	(74, 65, '12 2 3', '18', b'0'),
	(75, 65, '13 2 3', '19', b'0'),
	(76, 65, '14 2 3', '20', b'0'),
	(77, 65, '15 2 3', '21', b'1'),
	(78, 65, '16 2 3', '22', b'1'),
	(79, 65, '17 2 3', '23', b'1'),
	(80, 65, '18 2 3', '24', b'1'),
	(81, 65, '19 2 3', '25', b'1'),
	(82, 66, '10 2 3', '5', b'0'),
	(83, 66, '11 2 3', '6', b'0'),
	(84, 66, '12 2 3', '7', b'0'),
	(85, 66, '13 2 3', '8', b'0'),
	(86, 66, '14 2 3', '9', b'0'),
	(87, 66, '15 2 3', '10', b'1'),
	(88, 66, '16 2 3', '11', b'1'),
	(89, 66, '17 2 3', '12', b'1'),
	(90, 66, '18 2 3', '13', b'1'),
	(91, 66, '19 2 3', '14', b'1'),
	(92, 67, '100', '1', b'0'),
	(93, 67, '101', '2', b'0'),
	(94, 67, '102', '3', b'0'),
	(95, 67, '103', '4', b'0'),
	(96, 67, '104', '5', b'0'),
	(97, 67, '105', '6', b'1'),
	(98, 67, '106', '7', b'1'),
	(99, 67, '107', '8', b'1'),
	(100, 67, '108', '9', b'1'),
	(101, 67, '109', '10', b'1'),
	(102, 68, '100', 'Yes', b'0'),
	(103, 68, '101', 'No', b'0'),
	(104, 68, '102', 'Yes', b'0'),
	(105, 68, '103', 'No', b'0'),
	(106, 68, '104', 'Yes', b'0'),
	(107, 68, '105', 'No', b'1'),
	(108, 68, '106', 'Yes', b'1'),
	(109, 68, '107', 'No', b'1'),
	(110, 68, '108', 'Yes', b'1'),
	(111, 68, '109', 'No', b'1'),
	(112, 69, '100', 'No', b'0'),
	(113, 69, '101', 'Yes', b'0'),
	(114, 69, '102', 'No', b'0'),
	(115, 69, '103', 'Yes', b'0'),
	(116, 69, '104', 'No', b'0'),
	(117, 69, '105', 'No', b'1'),
	(118, 69, '106', 'No', b'1'),
	(119, 69, '107', 'Yes', b'1'),
	(120, 69, '108', 'No', b'1'),
	(121, 69, '109', 'Yes', b'1'),
	(122, 70, '10', '100', b'0'),
	(123, 70, '11', '121', b'0'),
	(124, 70, '12', '144', b'0'),
	(125, 70, '13', '169', b'1'),
	(126, 70, '14', '196', b'1'),
	(127, 70, '15', '225', b'1'),
	(128, 70, '16', '256', b'1'),
	(129, 70, '17', '289', b'1'),
	(130, 70, '18', '324', b'1'),
	(131, 70, '19', '361', b'1'),
	(132, 71, '10', '20', b'0'),
	(133, 71, '11', '22', b'0'),
	(134, 71, '12', '24', b'0'),
	(135, 71, '13', '26', b'1'),
	(136, 71, '14', '28', b'1'),
	(137, 71, '15', '30', b'1'),
	(138, 71, '16', '32', b'1'),
	(139, 71, '17', '34', b'1'),
	(140, 71, '18', '36', b'1'),
	(141, 71, '19', '38', b'1'),
	(142, 72, '10,20', '30', b'0'),
	(143, 72, '10,21', '31', b'0'),
	(144, 72, '10,22', '32', b'0'),
	(145, 72, '10,23', '33', b'1'),
	(146, 72, '10,24', '34', b'1'),
	(147, 72, '10,25', '35', b'1'),
	(148, 72, '10,26', '36', b'1'),
	(149, 72, '10,27', '37', b'1'),
	(150, 72, '10,28', '38', b'1'),
	(151, 72, '10,29', '39', b'1'),
	(152, 73, '10,20', '10', b'0'),
	(153, 73, '10,21', '11', b'0'),
	(154, 73, '10,22', '12', b'0'),
	(155, 73, '10,23', '13', b'1'),
	(156, 73, '10,24', '14', b'1'),
	(157, 73, '10,25', '15', b'1'),
	(158, 73, '10,26', '16', b'1'),
	(159, 73, '10,27', '17', b'1'),
	(160, 73, '10,28', '18', b'1'),
	(161, 73, '10,29', '19', b'1'),
	(162, 74, '10,20,30', '60', b'0'),
	(163, 74, '10,20,31', '61', b'0'),
	(164, 74, '10,20,32', '62', b'0'),
	(165, 74, '10,20,33', '63', b'1'),
	(166, 74, '10,20,34', '64', b'1'),
	(167, 74, '10,20,35', '65', b'1'),
	(168, 74, '10,20,36', '66', b'1'),
	(169, 74, '10,20,37', '67', b'1'),
	(170, 74, '10,20,38', '68', b'1'),
	(171, 74, '10,20,39', '69', b'1'),
	(172, 75, '10,20,30,40', '100', b'0'),
	(173, 75, '10,20,30,41', '101', b'0'),
	(174, 75, '10,20,30,42', '102', b'0'),
	(175, 75, '10,20,30,43', '103', b'0'),
	(176, 75, '10,20,30,44', '104', b'0'),
	(177, 75, '10,20,30,45', '105', b'1'),
	(178, 75, '10,20,30,46', '106', b'1'),
	(179, 75, '10,20,30,47', '107', b'1'),
	(180, 75, '10,20,30,48', '108', b'1'),
	(181, 75, '10,20,30,49', '109', b'1'),
	(182, 75, '10 2 3', '16', b'0'),
	(183, 75, '11 2 3', '17', b'0'),
	(184, 75, '12 2 3', '18', b'0'),
	(185, 75, '13 2 3', '19', b'0'),
	(186, 75, '14 2 3', '20', b'0'),
	(187, 75, '15 2 3', '21', b'1'),
	(188, 75, '16 2 3', '22', b'1'),
	(189, 75, '17 2 3', '23', b'1'),
	(190, 75, '18 2 3', '24', b'1'),
	(191, 75, '19 2 3', '25', b'1'),
	(192, 76, '10 2 3', '5', b'0'),
	(193, 76, '11 2 3', '6', b'0'),
	(194, 76, '12 2 3', '7', b'0'),
	(195, 76, '13 2 3', '8', b'0'),
	(196, 76, '14 2 3', '9', b'0'),
	(197, 76, '15 2 3', '10', b'1'),
	(198, 76, '16 2 3', '11', b'1'),
	(199, 76, '17 2 3', '12', b'1'),
	(200, 76, '18 2 3', '13', b'1'),
	(201, 76, '19 2 3', '14', b'1'),
	(202, 77, '100', '1', b'0'),
	(203, 77, '101', '2', b'0'),
	(204, 77, '102', '3', b'0'),
	(205, 77, '103', '4', b'0'),
	(206, 77, '104', '5', b'0'),
	(207, 77, '105', '6', b'1'),
	(208, 77, '106', '7', b'1'),
	(209, 77, '107', '8', b'1'),
	(210, 77, '108', '9', b'1'),
	(211, 77, '109', '10', b'1'),
	(212, 78, '100', 'Yes', b'0'),
	(213, 78, '101', 'No', b'0'),
	(214, 78, '102', 'Yes', b'0'),
	(215, 78, '103', 'No', b'0'),
	(216, 78, '104', 'Yes', b'0'),
	(217, 78, '105', 'No', b'1'),
	(218, 78, '106', 'Yes', b'1'),
	(219, 78, '107', 'No', b'1'),
	(220, 78, '108', 'Yes', b'1'),
	(221, 78, '109', 'No', b'1'),
	(222, 79, '100', 'No', b'0'),
	(223, 79, '101', 'Yes', b'0'),
	(224, 79, '102', 'No', b'0'),
	(225, 79, '103', 'Yes', b'0'),
	(226, 79, '104', 'No', b'0'),
	(227, 79, '105', 'No', b'1'),
	(228, 79, '106', 'No', b'1'),
	(229, 79, '107', 'Yes', b'1'),
	(230, 79, '108', 'No', b'1'),
	(231, 79, '109', 'Yes', b'1'),
	(232, 80, '10', '100', b'0'),
	(233, 80, '11', '121', b'0'),
	(234, 80, '12', '144', b'0'),
	(235, 80, '13', '169', b'1'),
	(236, 80, '14', '196', b'1'),
	(237, 80, '15', '225', b'1'),
	(238, 80, '16', '256', b'1'),
	(239, 80, '17', '289', b'1'),
	(240, 80, '18', '324', b'1'),
	(241, 80, '19', '361', b'1'),
	(242, 81, '10', '20', b'0'),
	(243, 81, '11', '22', b'0'),
	(244, 81, '12', '24', b'0'),
	(245, 81, '13', '26', b'1'),
	(246, 81, '14', '28', b'1'),
	(247, 81, '15', '30', b'1'),
	(248, 81, '16', '32', b'1'),
	(249, 81, '17', '34', b'1'),
	(250, 81, '18', '36', b'1'),
	(251, 81, '19', '38', b'1'),
	(252, 82, '10,20', '30', b'0'),
	(253, 82, '10,21', '31', b'0'),
	(254, 82, '10,22', '32', b'0'),
	(255, 82, '10,23', '33', b'1'),
	(256, 82, '10,24', '34', b'1'),
	(257, 82, '10,25', '35', b'1'),
	(258, 82, '10,26', '36', b'1'),
	(259, 82, '10,27', '37', b'1'),
	(260, 82, '10,28', '38', b'1'),
	(261, 82, '10,29', '39', b'1'),
	(262, 83, '10,20', '10', b'0'),
	(263, 83, '10,21', '11', b'0'),
	(264, 83, '10,22', '12', b'0'),
	(265, 83, '10,23', '13', b'1'),
	(266, 83, '10,24', '14', b'1'),
	(267, 83, '10,25', '15', b'1'),
	(268, 83, '10,26', '16', b'1'),
	(269, 83, '10,27', '17', b'1'),
	(270, 83, '10,28', '18', b'1'),
	(271, 83, '10,29', '19', b'1'),
	(272, 84, '10,20,30', '60', b'0'),
	(273, 84, '10,20,31', '61', b'0'),
	(274, 84, '10,20,32', '62', b'0'),
	(275, 84, '10,20,33', '63', b'1'),
	(276, 84, '10,20,34', '64', b'1'),
	(277, 84, '10,20,35', '65', b'1'),
	(278, 84, '10,20,36', '66', b'1'),
	(279, 84, '10,20,37', '67', b'1'),
	(280, 84, '10,20,38', '68', b'1'),
	(281, 84, '10,20,39', '69', b'1'),
	(282, 85, '10,20,30,40', '100', b'0'),
	(283, 85, '10,20,30,41', '101', b'0'),
	(284, 85, '10,20,30,42', '102', b'0'),
	(285, 85, '10,20,30,43', '103', b'0'),
	(286, 85, '10,20,30,44', '104', b'0'),
	(287, 85, '10,20,30,45', '105', b'1'),
	(288, 85, '10,20,30,46', '106', b'1'),
	(289, 85, '10,20,30,47', '107', b'1'),
	(290, 85, '10,20,30,48', '108', b'1'),
	(291, 85, '10,20,30,49', '109', b'1'),
	(292, 85, '10 2 3', '16', b'0'),
	(293, 85, '11 2 3', '17', b'0'),
	(294, 85, '12 2 3', '18', b'0'),
	(295, 85, '13 2 3', '19', b'0'),
	(296, 85, '14 2 3', '20', b'0'),
	(297, 85, '15 2 3', '21', b'1'),
	(298, 85, '16 2 3', '22', b'1'),
	(299, 85, '17 2 3', '23', b'1'),
	(300, 85, '18 2 3', '24', b'1'),
	(301, 85, '19 2 3', '25', b'1'),
	(302, 86, '10 2 3', '5', b'0'),
	(303, 86, '11 2 3', '6', b'0'),
	(304, 86, '12 2 3', '7', b'0'),
	(305, 86, '13 2 3', '8', b'0'),
	(306, 86, '14 2 3', '9', b'0'),
	(307, 86, '15 2 3', '10', b'1'),
	(308, 86, '16 2 3', '11', b'1'),
	(309, 86, '17 2 3', '12', b'1'),
	(310, 86, '18 2 3', '13', b'1'),
	(311, 86, '19 2 3', '14', b'1'),
	(312, 88, '100', '1', b'0'),
	(313, 88, '101', '2', b'0'),
	(314, 88, '102', '3', b'0'),
	(315, 88, '103', '4', b'0'),
	(316, 88, '104', '5', b'0'),
	(317, 88, '105', '6', b'1'),
	(318, 88, '106', '7', b'1'),
	(319, 88, '107', '8', b'1'),
	(320, 88, '108', '9', b'1'),
	(321, 88, '109', '10', b'1'),
	(322, 88, '100', 'Yes', b'0'),
	(323, 88, '101', 'No', b'0'),
	(324, 88, '102', 'Yes', b'0'),
	(325, 88, '103', 'No', b'0'),
	(326, 88, '104', 'Yes', b'0'),
	(327, 88, '105', 'No', b'1'),
	(328, 88, '106', 'Yes', b'1'),
	(329, 88, '107', 'No', b'1'),
	(330, 88, '108', 'Yes', b'1'),
	(331, 88, '109', 'No', b'1'),
	(332, 89, '100', 'No', b'0'),
	(333, 89, '101', 'Yes', b'0'),
	(334, 89, '102', 'No', b'0'),
	(335, 89, '103', 'Yes', b'0'),
	(336, 89, '104', 'No', b'0'),
	(337, 89, '105', 'No', b'1'),
	(338, 89, '106', 'No', b'1'),
	(339, 89, '107', 'Yes', b'1'),
	(340, 89, '108', 'No', b'1'),
	(341, 89, '109', 'Yes', b'1'),
	(342, 90, '10', '100', b'0'),
	(343, 90, '11', '121', b'0'),
	(344, 90, '12', '144', b'0'),
	(345, 90, '13', '169', b'1'),
	(346, 90, '14', '196', b'1'),
	(347, 90, '15', '225', b'1'),
	(348, 90, '16', '256', b'1'),
	(349, 90, '17', '289', b'1'),
	(350, 90, '18', '324', b'1'),
	(351, 90, '19', '361', b'1'),
	(352, 91, '10', '20', b'0'),
	(353, 91, '11', '22', b'0'),
	(354, 91, '12', '24', b'0'),
	(355, 91, '13', '26', b'1'),
	(356, 91, '14', '28', b'1'),
	(357, 91, '15', '30', b'1'),
	(358, 91, '16', '32', b'1'),
	(359, 91, '17', '34', b'1'),
	(360, 91, '18', '36', b'1'),
	(361, 91, '19', '38', b'1'),
	(362, 92, '10,20', '30', b'0'),
	(363, 92, '10,21', '31', b'0'),
	(364, 92, '10,22', '32', b'0'),
	(365, 92, '10,23', '33', b'1'),
	(366, 92, '10,24', '34', b'1'),
	(367, 92, '10,25', '35', b'1'),
	(368, 92, '10,26', '36', b'1'),
	(369, 92, '10,27', '37', b'1'),
	(370, 92, '10,28', '38', b'1'),
	(371, 92, '10,29', '39', b'1'),
	(372, 93, '10,20', '10', b'0'),
	(373, 93, '10,21', '11', b'0'),
	(374, 93, '10,22', '12', b'0'),
	(375, 93, '10,23', '13', b'1'),
	(376, 93, '10,24', '14', b'1'),
	(377, 93, '10,25', '15', b'1'),
	(378, 93, '10,26', '16', b'1'),
	(379, 93, '10,27', '17', b'1'),
	(380, 93, '10,28', '18', b'1'),
	(381, 93, '10,29', '19', b'1'),
	(382, 94, '10,20,30', '60', b'0'),
	(383, 94, '10,20,31', '61', b'0'),
	(384, 94, '10,20,32', '62', b'0'),
	(385, 94, '10,20,33', '63', b'1'),
	(386, 94, '10,20,34', '64', b'1'),
	(387, 94, '10,20,35', '65', b'1'),
	(388, 94, '10,20,36', '66', b'1'),
	(389, 94, '10,20,37', '67', b'1'),
	(390, 94, '10,20,38', '68', b'1'),
	(391, 94, '10,20,39', '69', b'1'),
	(392, 95, '10,20,30,40', '100', b'0'),
	(393, 95, '10,20,30,41', '101', b'0'),
	(394, 95, '10,20,30,42', '102', b'0'),
	(395, 95, '10,20,30,43', '103', b'0'),
	(396, 95, '10,20,30,44', '104', b'0'),
	(397, 95, '10,20,30,45', '105', b'1'),
	(398, 95, '10,20,30,46', '106', b'1'),
	(399, 95, '10,20,30,47', '107', b'1'),
	(400, 95, '10,20,30,48', '108', b'1'),
	(401, 95, '10,20,30,49', '109', b'1'),
	(402, 95, '10 2 3', '16', b'0'),
	(403, 95, '11 2 3', '17', b'0'),
	(404, 95, '12 2 3', '18', b'0'),
	(405, 95, '13 2 3', '19', b'0'),
	(406, 95, '14 2 3', '20', b'0'),
	(407, 95, '15 2 3', '21', b'1'),
	(408, 95, '16 2 3', '22', b'1'),
	(409, 95, '17 2 3', '23', b'1'),
	(410, 95, '18 2 3', '24', b'1'),
	(411, 95, '19 2 3', '25', b'1'),
	(412, 96, '10 2 3', '5', b'0'),
	(413, 96, '11 2 3', '6', b'0'),
	(414, 96, '12 2 3', '7', b'0'),
	(415, 96, '13 2 3', '8', b'0'),
	(416, 96, '14 2 3', '9', b'0'),
	(417, 96, '15 2 3', '10', b'1'),
	(418, 96, '16 2 3', '11', b'1'),
	(419, 96, '17 2 3', '12', b'1'),
	(420, 96, '18 2 3', '13', b'1'),
	(421, 96, '19 2 3', '14', b'1'),
	(422, 97, '100', '1', b'0'),
	(423, 97, '101', '2', b'0'),
	(424, 97, '102', '3', b'0'),
	(425, 97, '103', '4', b'0'),
	(426, 97, '104', '5', b'0'),
	(427, 97, '105', '6', b'1'),
	(428, 97, '106', '7', b'1'),
	(429, 97, '107', '8', b'1'),
	(430, 97, '108', '9', b'1'),
	(431, 97, '109', '10', b'1'),
	(432, 98, '100', 'Yes', b'0'),
	(433, 98, '101', 'No', b'0'),
	(434, 98, '102', 'Yes', b'0'),
	(435, 98, '103', 'No', b'0'),
	(436, 98, '104', 'Yes', b'0'),
	(437, 98, '105', 'No', b'1'),
	(438, 98, '106', 'Yes', b'1'),
	(439, 98, '107', 'No', b'1'),
	(440, 98, '108', 'Yes', b'1'),
	(441, 98, '109', 'No', b'1'),
	(442, 99, '100', 'No', b'0'),
	(443, 99, '101', 'Yes', b'0'),
	(444, 99, '102', 'No', b'0'),
	(445, 99, '103', 'Yes', b'0'),
	(446, 99, '104', 'No', b'0'),
	(447, 99, '105', 'No', b'1'),
	(448, 99, '106', 'No', b'1'),
	(449, 99, '107', 'Yes', b'1'),
	(450, 99, '108', 'No', b'1'),
	(451, 99, '109', 'Yes', b'1');
/*!40000 ALTER TABLE `coding_test_cases` ENABLE KEYS */;

-- Dumping structure for table evertz_interview_app.college_details
CREATE TABLE IF NOT EXISTS `college_details` (
  `ID` int(11) NOT NULL AUTO_INCREMENT,
  `NAME` varchar(200) NOT NULL,
  PRIMARY KEY (`ID`)
) ENGINE=InnoDB AUTO_INCREMENT=15 DEFAULT CHARSET=utf8;

-- Dumping data for table evertz_interview_app.college_details: ~5 rows (approximately)
/*!40000 ALTER TABLE `college_details` DISABLE KEYS */;
INSERT INTO `college_details` (`ID`, `NAME`) VALUES
	(1, 'BMS'),
	(11, 'KIIT'),
	(12, 'NMIT'),
	(13, 'IIT'),
	(14, 'BMSIT');
/*!40000 ALTER TABLE `college_details` ENABLE KEYS */;

-- Dumping structure for table evertz_interview_app.degree
CREATE TABLE IF NOT EXISTS `degree` (
  `ID` int(11) NOT NULL AUTO_INCREMENT,
  `NAME` varchar(50) NOT NULL,
  PRIMARY KEY (`ID`)
) ENGINE=InnoDB AUTO_INCREMENT=11 DEFAULT CHARSET=utf8;

-- Dumping data for table evertz_interview_app.degree: ~0 rows (approximately)
/*!40000 ALTER TABLE `degree` DISABLE KEYS */;
INSERT INTO `degree` (`ID`, `NAME`) VALUES
	(1, 'BE');
/*!40000 ALTER TABLE `degree` ENABLE KEYS */;

-- Dumping structure for table evertz_interview_app.modules
CREATE TABLE IF NOT EXISTS `modules` (
  `ID` int(11) NOT NULL AUTO_INCREMENT,
  `NAME` varchar(50) NOT NULL,
  `MANDATORY_MODULE` bit(1) NOT NULL,
  `FILE_EXTENSION` varchar(10) DEFAULT NULL,
  PRIMARY KEY (`ID`)
) ENGINE=InnoDB AUTO_INCREMENT=23 DEFAULT CHARSET=utf8;

-- Dumping data for table evertz_interview_app.modules: ~9 rows (approximately)
/*!40000 ALTER TABLE `modules` DISABLE KEYS */;
INSERT INTO `modules` (`ID`, `NAME`, `MANDATORY_MODULE`, `FILE_EXTENSION`) VALUES
	(11, 'Java', b'0', 'java'),
	(14, 'Networking', b'1', NULL),
	(15, 'Linux', b'1', NULL),
	(17, 'C++', b'0', 'cpp'),
	(18, 'C', b'0', 'c'),
	(19, 'Broadcast', b'1', NULL),
	(20, 'Analytical', b'1', NULL),
	(21, 'SQL', b'1', 'sql'),
	(22, 'Python', b'0', 'py');
/*!40000 ALTER TABLE `modules` ENABLE KEYS */;

-- Dumping structure for table evertz_interview_app.questions
CREATE TABLE IF NOT EXISTS `questions` (
  `ID` int(11) NOT NULL AUTO_INCREMENT,
  `QUESTION` text NOT NULL,
  `OPTION1` varchar(500) NOT NULL,
  `OPTION2` varchar(500) NOT NULL,
  `OPTION3` varchar(500) NOT NULL,
  `OPTION4` varchar(500) NOT NULL,
  `ANSWER` int(1) NOT NULL,
  `MODULE_ID` int(1) NOT NULL,
  PRIMARY KEY (`ID`),
  KEY `MODULE_ID` (`MODULE_ID`),
  CONSTRAINT `MODULE_ID` FOREIGN KEY (`MODULE_ID`) REFERENCES `modules` (`ID`)
) ENGINE=InnoDB AUTO_INCREMENT=1146 DEFAULT CHARSET=utf8;

-- Dumping data for table evertz_interview_app.questions: ~900 rows (approximately)
/*!40000 ALTER TABLE `questions` DISABLE KEYS */;
INSERT INTO `questions` (`ID`, `QUESTION`, `OPTION1`, `OPTION2`, `OPTION3`, `OPTION4`, `ANSWER`, `MODULE_ID`) VALUES
	(246, 'Question Java 1', 'Option 1', 'Option 2', 'Option 3', 'Option 4', 1, 11),
	(247, 'Question Java 2', 'Option 1', 'Option 2', 'Option 3', 'Option 4', 2, 11),
	(248, 'Question Java 3', 'Option 1', 'Option 2', 'Option 3', 'Option 4', 3, 11),
	(249, 'Question Java 4', 'Option 1', 'Option 2', 'Option 3', 'Option 4', 4, 11),
	(250, 'Question Java 5', 'Option 1', 'Option 2', 'Option 3', 'Option 4', 1, 11),
	(251, 'Question Java 6', 'Option 1', 'Option 2', 'Option 3', 'Option 4', 2, 11),
	(252, 'Question Java 7', 'Option 1', 'Option 2', 'Option 3', 'Option 4', 3, 11),
	(253, 'Question Java 8', 'Option 1', 'Option 2', 'Option 3', 'Option 4', 4, 11),
	(254, 'Question Java 9', 'Option 1', 'Option 2', 'Option 3', 'Option 4', 1, 11),
	(255, 'Question Java 10', 'Option 1', 'Option 2', 'Option 3', 'Option 4', 2, 11),
	(256, 'Question Java 11', 'Option 1', 'Option 2', 'Option 3', 'Option 4', 3, 11),
	(257, 'Question Java 12', 'Option 1', 'Option 2', 'Option 3', 'Option 4', 4, 11),
	(258, 'Question Java 13', 'Option 1', 'Option 2', 'Option 3', 'Option 4', 1, 11),
	(259, 'Question Java 14', 'Option 1', 'Option 2', 'Option 3', 'Option 4', 2, 11),
	(260, 'Question Java 15', 'Option 1', 'Option 2', 'Option 3', 'Option 4', 3, 11),
	(261, 'Question Java 16', 'Option 1', 'Option 2', 'Option 3', 'Option 4', 4, 11),
	(262, 'Question Java 17', 'Option 1', 'Option 2', 'Option 3', 'Option 4', 1, 11),
	(263, 'Question Java 18', 'Option 1', 'Option 2', 'Option 3', 'Option 4', 2, 11),
	(264, 'Question Java 19', 'Option 1', 'Option 2', 'Option 3', 'Option 4', 3, 11),
	(265, 'Question Java 20', 'Option 1', 'Option 2', 'Option 3', 'Option 4', 4, 11),
	(266, 'Question Java 21', 'Option 1', 'Option 2', 'Option 3', 'Option 4', 1, 11),
	(267, 'Question Java 22', 'Option 1', 'Option 2', 'Option 3', 'Option 4', 2, 11),
	(268, 'Question Java 23', 'Option 1', 'Option 2', 'Option 3', 'Option 4', 3, 11),
	(269, 'Question Java 24', 'Option 1', 'Option 2', 'Option 3', 'Option 4', 4, 11),
	(270, 'Question Java 25', 'Option 1', 'Option 2', 'Option 3', 'Option 4', 1, 11),
	(271, 'Question Java 26', 'Option 1', 'Option 2', 'Option 3', 'Option 4', 2, 11),
	(272, 'Question Java 27', 'Option 1', 'Option 2', 'Option 3', 'Option 4', 3, 11),
	(273, 'Question Java 28', 'Option 1', 'Option 2', 'Option 3', 'Option 4', 4, 11),
	(274, 'Question Java 29', 'Option 1', 'Option 2', 'Option 3', 'Option 4', 1, 11),
	(275, 'Question Java 30', 'Option 1', 'Option 2', 'Option 3', 'Option 4', 2, 11),
	(276, 'Question Java 31', 'Option 1', 'Option 2', 'Option 3', 'Option 4', 3, 11),
	(277, 'Question Java 32', 'Option 1', 'Option 2', 'Option 3', 'Option 4', 4, 11),
	(278, 'Question Java 33', 'Option 1', 'Option 2', 'Option 3', 'Option 4', 1, 11),
	(279, 'Question Java 34', 'Option 1', 'Option 2', 'Option 3', 'Option 4', 2, 11),
	(280, 'Question Java 35', 'Option 1', 'Option 2', 'Option 3', 'Option 4', 3, 11),
	(281, 'Question Java 36', 'Option 1', 'Option 2', 'Option 3', 'Option 4', 4, 11),
	(282, 'Question Java 37', 'Option 1', 'Option 2', 'Option 3', 'Option 4', 1, 11),
	(283, 'Question Java 38', 'Option 1', 'Option 2', 'Option 3', 'Option 4', 2, 11),
	(284, 'Question Java 39', 'Option 1', 'Option 2', 'Option 3', 'Option 4', 3, 11),
	(285, 'Question Java 40', 'Option 1', 'Option 2', 'Option 3', 'Option 4', 4, 11),
	(286, 'Question Java 41', 'Option 1', 'Option 2', 'Option 3', 'Option 4', 1, 11),
	(287, 'Question Java 42', 'Option 1', 'Option 2', 'Option 3', 'Option 4', 2, 11),
	(288, 'Question Java 43', 'Option 1', 'Option 2', 'Option 3', 'Option 4', 3, 11),
	(289, 'Question Java 44', 'Option 1', 'Option 2', 'Option 3', 'Option 4', 4, 11),
	(290, 'Question Java 45', 'Option 1', 'Option 2', 'Option 3', 'Option 4', 1, 11),
	(291, 'Question Java 46', 'Option 1', 'Option 2', 'Option 3', 'Option 4', 2, 11),
	(292, 'Question Java 47', 'Option 1', 'Option 2', 'Option 3', 'Option 4', 3, 11),
	(293, 'Question Java 48', 'Option 1', 'Option 2', 'Option 3', 'Option 4', 4, 11),
	(294, 'Question Java 49', 'Option 1', 'Option 2', 'Option 3', 'Option 4', 1, 11),
	(295, 'Question Java 50', 'Option 1', 'Option 2', 'Option 3', 'Option 4', 2, 11),
	(296, 'Question Java 51', 'Option 1', 'Option 2', 'Option 3', 'Option 4', 3, 11),
	(297, 'Question Java 52', 'Option 1', 'Option 2', 'Option 3', 'Option 4', 4, 11),
	(298, 'Question Java 53', 'Option 1', 'Option 2', 'Option 3', 'Option 4', 1, 11),
	(299, 'Question Java 54', 'Option 1', 'Option 2', 'Option 3', 'Option 4', 2, 11),
	(300, 'Question Java 55', 'Option 1', 'Option 2', 'Option 3', 'Option 4', 3, 11),
	(301, 'Question Java 56', 'Option 1', 'Option 2', 'Option 3', 'Option 4', 4, 11),
	(302, 'Question Java 57', 'Option 1', 'Option 2', 'Option 3', 'Option 4', 1, 11),
	(303, 'Question Java 58', 'Option 1', 'Option 2', 'Option 3', 'Option 4', 2, 11),
	(304, 'Question Java 59', 'Option 1', 'Option 2', 'Option 3', 'Option 4', 3, 11),
	(305, 'Question Java 60', 'Option 1', 'Option 2', 'Option 3', 'Option 4', 4, 11),
	(306, 'Question Java 61', 'Option 1', 'Option 2', 'Option 3', 'Option 4', 1, 11),
	(307, 'Question Java 62', 'Option 1', 'Option 2', 'Option 3', 'Option 4', 2, 11),
	(308, 'Question Java 63', 'Option 1', 'Option 2', 'Option 3', 'Option 4', 3, 11),
	(309, 'Question Java 64', 'Option 1', 'Option 2', 'Option 3', 'Option 4', 4, 11),
	(310, 'Question Java 65', 'Option 1', 'Option 2', 'Option 3', 'Option 4', 1, 11),
	(311, 'Question Java 66', 'Option 1', 'Option 2', 'Option 3', 'Option 4', 2, 11),
	(312, 'Question Java 67', 'Option 1', 'Option 2', 'Option 3', 'Option 4', 3, 11),
	(313, 'Question Java 68', 'Option 1', 'Option 2', 'Option 3', 'Option 4', 4, 11),
	(314, 'Question Java 69', 'Option 1', 'Option 2', 'Option 3', 'Option 4', 1, 11),
	(315, 'Question Java 70', 'Option 1', 'Option 2', 'Option 3', 'Option 4', 2, 11),
	(316, 'Question Java 71', 'Option 1', 'Option 2', 'Option 3', 'Option 4', 3, 11),
	(317, 'Question Java 72', 'Option 1', 'Option 2', 'Option 3', 'Option 4', 4, 11),
	(318, 'Question Java 73', 'Option 1', 'Option 2', 'Option 3', 'Option 4', 1, 11),
	(319, 'Question Java 74', 'Option 1', 'Option 2', 'Option 3', 'Option 4', 2, 11),
	(320, 'Question Java 75', 'Option 1', 'Option 2', 'Option 3', 'Option 4', 3, 11),
	(321, 'Question Java 76', 'Option 1', 'Option 2', 'Option 3', 'Option 4', 4, 11),
	(322, 'Question Java 77', 'Option 1', 'Option 2', 'Option 3', 'Option 4', 1, 11),
	(323, 'Question Java 78', 'Option 1', 'Option 2', 'Option 3', 'Option 4', 2, 11),
	(324, 'Question Java 79', 'Option 1', 'Option 2', 'Option 3', 'Option 4', 3, 11),
	(325, 'Question Java 80', 'Option 1', 'Option 2', 'Option 3', 'Option 4', 4, 11),
	(326, 'Question Java 81', 'Option 1', 'Option 2', 'Option 3', 'Option 4', 1, 11),
	(327, 'Question Java 82', 'Option 1', 'Option 2', 'Option 3', 'Option 4', 2, 11),
	(328, 'Question Java 83', 'Option 1', 'Option 2', 'Option 3', 'Option 4', 3, 11),
	(329, 'Question Java 84', 'Option 1', 'Option 2', 'Option 3', 'Option 4', 4, 11),
	(330, 'Question Java 85', 'Option 1', 'Option 2', 'Option 3', 'Option 4', 1, 11),
	(331, 'Question Java 86', 'Option 1', 'Option 2', 'Option 3', 'Option 4', 2, 11),
	(332, 'Question Java 87', 'Option 1', 'Option 2', 'Option 3', 'Option 4', 3, 11),
	(333, 'Question Java 88', 'Option 1', 'Option 2', 'Option 3', 'Option 4', 4, 11),
	(334, 'Question Java 89', 'Option 1', 'Option 2', 'Option 3', 'Option 4', 1, 11),
	(335, 'Question Java 90', 'Option 1', 'Option 2', 'Option 3', 'Option 4', 2, 11),
	(336, 'Question Java 91', 'Option 1', 'Option 2', 'Option 3', 'Option 4', 3, 11),
	(337, 'Question Java 92', 'Option 1', 'Option 2', 'Option 3', 'Option 4', 4, 11),
	(338, 'Question Java 93', 'Option 1', 'Option 2', 'Option 3', 'Option 4', 1, 11),
	(339, 'Question Java 94', 'Option 1', 'Option 2', 'Option 3', 'Option 4', 2, 11),
	(340, 'Question Java 95', 'Option 1', 'Option 2', 'Option 3', 'Option 4', 3, 11),
	(341, 'Question Java 96', 'Option 1', 'Option 2', 'Option 3', 'Option 4', 4, 11),
	(342, 'Question Java 97', 'Option 1', 'Option 2', 'Option 3', 'Option 4', 1, 11),
	(343, 'Question Java 98', 'Option 1', 'Option 2', 'Option 3', 'Option 4', 2, 11),
	(344, 'Question Java 99', 'Option 1', 'Option 2', 'Option 3', 'Option 4', 3, 11),
	(345, 'Question Java 100', 'Option 1', 'Option 2', 'Option 3', 'Option 4', 4, 11),
	(346, 'Question Networking 1', 'Option 1', 'Option 2', 'Option 3', 'Option 4', 1, 14),
	(347, 'Question Networking 2', 'Option 1', 'Option 2', 'Option 3', 'Option 4', 2, 14),
	(348, 'Question Networking 3', 'Option 1', 'Option 2', 'Option 3', 'Option 4', 3, 14),
	(349, 'Question Networking 4', 'Option 1', 'Option 2', 'Option 3', 'Option 4', 4, 14),
	(350, 'Question Networking 5', 'Option 1', 'Option 2', 'Option 3', 'Option 4', 1, 14),
	(351, 'Question Networking 6', 'Option 1', 'Option 2', 'Option 3', 'Option 4', 2, 14),
	(352, 'Question Networking 7', 'Option 1', 'Option 2', 'Option 3', 'Option 4', 3, 14),
	(353, 'Question Networking 8', 'Option 1', 'Option 2', 'Option 3', 'Option 4', 4, 14),
	(354, 'Question Networking 9', 'Option 1', 'Option 2', 'Option 3', 'Option 4', 1, 14),
	(355, 'Question Networking 10', 'Option 1', 'Option 2', 'Option 3', 'Option 4', 2, 14),
	(356, 'Question Networking 11', 'Option 1', 'Option 2', 'Option 3', 'Option 4', 3, 14),
	(357, 'Question Networking 12', 'Option 1', 'Option 2', 'Option 3', 'Option 4', 4, 14),
	(358, 'Question Networking 13', 'Option 1', 'Option 2', 'Option 3', 'Option 4', 1, 14),
	(359, 'Question Networking 14', 'Option 1', 'Option 2', 'Option 3', 'Option 4', 2, 14),
	(360, 'Question Networking 15', 'Option 1', 'Option 2', 'Option 3', 'Option 4', 3, 14),
	(361, 'Question Networking 16', 'Option 1', 'Option 2', 'Option 3', 'Option 4', 4, 14),
	(362, 'Question Networking 17', 'Option 1', 'Option 2', 'Option 3', 'Option 4', 1, 14),
	(363, 'Question Networking 18', 'Option 1', 'Option 2', 'Option 3', 'Option 4', 2, 14),
	(364, 'Question Networking 19', 'Option 1', 'Option 2', 'Option 3', 'Option 4', 3, 14),
	(365, 'Question Networking 20', 'Option 1', 'Option 2', 'Option 3', 'Option 4', 4, 14),
	(366, 'Question Networking 21', 'Option 1', 'Option 2', 'Option 3', 'Option 4', 1, 14),
	(367, 'Question Networking 22', 'Option 1', 'Option 2', 'Option 3', 'Option 4', 2, 14),
	(368, 'Question Networking 23', 'Option 1', 'Option 2', 'Option 3', 'Option 4', 3, 14),
	(369, 'Question Networking 24', 'Option 1', 'Option 2', 'Option 3', 'Option 4', 4, 14),
	(370, 'Question Networking 25', 'Option 1', 'Option 2', 'Option 3', 'Option 4', 1, 14),
	(371, 'Question Networking 26', 'Option 1', 'Option 2', 'Option 3', 'Option 4', 2, 14),
	(372, 'Question Networking 27', 'Option 1', 'Option 2', 'Option 3', 'Option 4', 3, 14),
	(373, 'Question Networking 28', 'Option 1', 'Option 2', 'Option 3', 'Option 4', 4, 14),
	(374, 'Question Networking 29', 'Option 1', 'Option 2', 'Option 3', 'Option 4', 1, 14),
	(375, 'Question Networking 30', 'Option 1', 'Option 2', 'Option 3', 'Option 4', 2, 14),
	(376, 'Question Networking 31', 'Option 1', 'Option 2', 'Option 3', 'Option 4', 3, 14),
	(377, 'Question Networking 32', 'Option 1', 'Option 2', 'Option 3', 'Option 4', 4, 14),
	(378, 'Question Networking 33', 'Option 1', 'Option 2', 'Option 3', 'Option 4', 1, 14),
	(379, 'Question Networking 34', 'Option 1', 'Option 2', 'Option 3', 'Option 4', 2, 14),
	(380, 'Question Networking 35', 'Option 1', 'Option 2', 'Option 3', 'Option 4', 3, 14),
	(381, 'Question Networking 36', 'Option 1', 'Option 2', 'Option 3', 'Option 4', 4, 14),
	(382, 'Question Networking 37', 'Option 1', 'Option 2', 'Option 3', 'Option 4', 1, 14),
	(383, 'Question Networking 38', 'Option 1', 'Option 2', 'Option 3', 'Option 4', 2, 14),
	(384, 'Question Networking 39', 'Option 1', 'Option 2', 'Option 3', 'Option 4', 3, 14),
	(385, 'Question Networking 40', 'Option 1', 'Option 2', 'Option 3', 'Option 4', 4, 14),
	(386, 'Question Networking 41', 'Option 1', 'Option 2', 'Option 3', 'Option 4', 1, 14),
	(387, 'Question Networking 42', 'Option 1', 'Option 2', 'Option 3', 'Option 4', 2, 14),
	(388, 'Question Networking 43', 'Option 1', 'Option 2', 'Option 3', 'Option 4', 3, 14),
	(389, 'Question Networking 44', 'Option 1', 'Option 2', 'Option 3', 'Option 4', 4, 14),
	(390, 'Question Networking 45', 'Option 1', 'Option 2', 'Option 3', 'Option 4', 1, 14),
	(391, 'Question Networking 46', 'Option 1', 'Option 2', 'Option 3', 'Option 4', 2, 14),
	(392, 'Question Networking 47', 'Option 1', 'Option 2', 'Option 3', 'Option 4', 3, 14),
	(393, 'Question Networking 48', 'Option 1', 'Option 2', 'Option 3', 'Option 4', 4, 14),
	(394, 'Question Networking 49', 'Option 1', 'Option 2', 'Option 3', 'Option 4', 1, 14),
	(395, 'Question Networking 50', 'Option 1', 'Option 2', 'Option 3', 'Option 4', 2, 14),
	(396, 'Question Networking 51', 'Option 1', 'Option 2', 'Option 3', 'Option 4', 3, 14),
	(397, 'Question Networking 52', 'Option 1', 'Option 2', 'Option 3', 'Option 4', 4, 14),
	(398, 'Question Networking 53', 'Option 1', 'Option 2', 'Option 3', 'Option 4', 1, 14),
	(399, 'Question Networking 54', 'Option 1', 'Option 2', 'Option 3', 'Option 4', 2, 14),
	(400, 'Question Networking 55', 'Option 1', 'Option 2', 'Option 3', 'Option 4', 3, 14),
	(401, 'Question Networking 56', 'Option 1', 'Option 2', 'Option 3', 'Option 4', 4, 14),
	(402, 'Question Networking 57', 'Option 1', 'Option 2', 'Option 3', 'Option 4', 1, 14),
	(403, 'Question Networking 58', 'Option 1', 'Option 2', 'Option 3', 'Option 4', 2, 14),
	(404, 'Question Networking 59', 'Option 1', 'Option 2', 'Option 3', 'Option 4', 3, 14),
	(405, 'Question Networking 60', 'Option 1', 'Option 2', 'Option 3', 'Option 4', 4, 14),
	(406, 'Question Networking 61', 'Option 1', 'Option 2', 'Option 3', 'Option 4', 1, 14),
	(407, 'Question Networking 62', 'Option 1', 'Option 2', 'Option 3', 'Option 4', 2, 14),
	(408, 'Question Networking 63', 'Option 1', 'Option 2', 'Option 3', 'Option 4', 3, 14),
	(409, 'Question Networking 64', 'Option 1', 'Option 2', 'Option 3', 'Option 4', 4, 14),
	(410, 'Question Networking 65', 'Option 1', 'Option 2', 'Option 3', 'Option 4', 1, 14),
	(411, 'Question Networking 66', 'Option 1', 'Option 2', 'Option 3', 'Option 4', 2, 14),
	(412, 'Question Networking 67', 'Option 1', 'Option 2', 'Option 3', 'Option 4', 3, 14),
	(413, 'Question Networking 68', 'Option 1', 'Option 2', 'Option 3', 'Option 4', 4, 14),
	(414, 'Question Networking 69', 'Option 1', 'Option 2', 'Option 3', 'Option 4', 1, 14),
	(415, 'Question Networking 70', 'Option 1', 'Option 2', 'Option 3', 'Option 4', 2, 14),
	(416, 'Question Networking 71', 'Option 1', 'Option 2', 'Option 3', 'Option 4', 3, 14),
	(417, 'Question Networking 72', 'Option 1', 'Option 2', 'Option 3', 'Option 4', 4, 14),
	(418, 'Question Networking 73', 'Option 1', 'Option 2', 'Option 3', 'Option 4', 1, 14),
	(419, 'Question Networking 74', 'Option 1', 'Option 2', 'Option 3', 'Option 4', 2, 14),
	(420, 'Question Networking 75', 'Option 1', 'Option 2', 'Option 3', 'Option 4', 3, 14),
	(421, 'Question Networking 76', 'Option 1', 'Option 2', 'Option 3', 'Option 4', 4, 14),
	(422, 'Question Networking 77', 'Option 1', 'Option 2', 'Option 3', 'Option 4', 1, 14),
	(423, 'Question Networking 78', 'Option 1', 'Option 2', 'Option 3', 'Option 4', 2, 14),
	(424, 'Question Networking 79', 'Option 1', 'Option 2', 'Option 3', 'Option 4', 3, 14),
	(425, 'Question Networking 80', 'Option 1', 'Option 2', 'Option 3', 'Option 4', 4, 14),
	(426, 'Question Networking 81', 'Option 1', 'Option 2', 'Option 3', 'Option 4', 1, 14),
	(427, 'Question Networking 82', 'Option 1', 'Option 2', 'Option 3', 'Option 4', 2, 14),
	(428, 'Question Networking 83', 'Option 1', 'Option 2', 'Option 3', 'Option 4', 3, 14),
	(429, 'Question Networking 84', 'Option 1', 'Option 2', 'Option 3', 'Option 4', 4, 14),
	(430, 'Question Networking 85', 'Option 1', 'Option 2', 'Option 3', 'Option 4', 1, 14),
	(431, 'Question Networking 86', 'Option 1', 'Option 2', 'Option 3', 'Option 4', 2, 14),
	(432, 'Question Networking 87', 'Option 1', 'Option 2', 'Option 3', 'Option 4', 3, 14),
	(433, 'Question Networking 88', 'Option 1', 'Option 2', 'Option 3', 'Option 4', 4, 14),
	(434, 'Question Networking 89', 'Option 1', 'Option 2', 'Option 3', 'Option 4', 1, 14),
	(435, 'Question Networking 90', 'Option 1', 'Option 2', 'Option 3', 'Option 4', 2, 14),
	(436, 'Question Networking 91', 'Option 1', 'Option 2', 'Option 3', 'Option 4', 3, 14),
	(437, 'Question Networking 92', 'Option 1', 'Option 2', 'Option 3', 'Option 4', 4, 14),
	(438, 'Question Networking 93', 'Option 1', 'Option 2', 'Option 3', 'Option 4', 1, 14),
	(439, 'Question Networking 94', 'Option 1', 'Option 2', 'Option 3', 'Option 4', 2, 14),
	(440, 'Question Networking 95', 'Option 1', 'Option 2', 'Option 3', 'Option 4', 3, 14),
	(441, 'Question Networking 96', 'Option 1', 'Option 2', 'Option 3', 'Option 4', 4, 14),
	(442, 'Question Networking 97', 'Option 1', 'Option 2', 'Option 3', 'Option 4', 1, 14),
	(443, 'Question Networking 98', 'Option 1', 'Option 2', 'Option 3', 'Option 4', 2, 14),
	(444, 'Question Networking 99', 'Option 1', 'Option 2', 'Option 3', 'Option 4', 3, 14),
	(445, 'Question Networking 100', 'Option 1', 'Option 2', 'Option 3', 'Option 4', 4, 14),
	(446, 'Question Linux 1', 'Option 1', 'Option 2', 'Option 3', 'Option 4', 1, 15),
	(447, 'Question Linux 2', 'Option 1', 'Option 2', 'Option 3', 'Option 4', 2, 15),
	(448, 'Question Linux 3', 'Option 1', 'Option 2', 'Option 3', 'Option 4', 3, 15),
	(449, 'Question Linux 4', 'Option 1', 'Option 2', 'Option 3', 'Option 4', 4, 15),
	(450, 'Question Linux 5', 'Option 1', 'Option 2', 'Option 3', 'Option 4', 1, 15),
	(451, 'Question Linux 6', 'Option 1', 'Option 2', 'Option 3', 'Option 4', 2, 15),
	(452, 'Question Linux 7', 'Option 1', 'Option 2', 'Option 3', 'Option 4', 3, 15),
	(453, 'Question Linux 8', 'Option 1', 'Option 2', 'Option 3', 'Option 4', 4, 15),
	(454, 'Question Linux 9', 'Option 1', 'Option 2', 'Option 3', 'Option 4', 1, 15),
	(455, 'Question Linux 10', 'Option 1', 'Option 2', 'Option 3', 'Option 4', 2, 15),
	(456, 'Question Linux 11', 'Option 1', 'Option 2', 'Option 3', 'Option 4', 3, 15),
	(457, 'Question Linux 12', 'Option 1', 'Option 2', 'Option 3', 'Option 4', 4, 15),
	(458, 'Question Linux 13', 'Option 1', 'Option 2', 'Option 3', 'Option 4', 1, 15),
	(459, 'Question Linux 14', 'Option 1', 'Option 2', 'Option 3', 'Option 4', 2, 15),
	(460, 'Question Linux 15', 'Option 1', 'Option 2', 'Option 3', 'Option 4', 3, 15),
	(461, 'Question Linux 16', 'Option 1', 'Option 2', 'Option 3', 'Option 4', 4, 15),
	(462, 'Question Linux 17', 'Option 1', 'Option 2', 'Option 3', 'Option 4', 1, 15),
	(463, 'Question Linux 18', 'Option 1', 'Option 2', 'Option 3', 'Option 4', 2, 15),
	(464, 'Question Linux 19', 'Option 1', 'Option 2', 'Option 3', 'Option 4', 3, 15),
	(465, 'Question Linux 20', 'Option 1', 'Option 2', 'Option 3', 'Option 4', 4, 15),
	(466, 'Question Linux 21', 'Option 1', 'Option 2', 'Option 3', 'Option 4', 1, 15),
	(467, 'Question Linux 22', 'Option 1', 'Option 2', 'Option 3', 'Option 4', 2, 15),
	(468, 'Question Linux 23', 'Option 1', 'Option 2', 'Option 3', 'Option 4', 3, 15),
	(469, 'Question Linux 24', 'Option 1', 'Option 2', 'Option 3', 'Option 4', 4, 15),
	(470, 'Question Linux 25', 'Option 1', 'Option 2', 'Option 3', 'Option 4', 1, 15),
	(471, 'Question Linux 26', 'Option 1', 'Option 2', 'Option 3', 'Option 4', 2, 15),
	(472, 'Question Linux 27', 'Option 1', 'Option 2', 'Option 3', 'Option 4', 3, 15),
	(473, 'Question Linux 28', 'Option 1', 'Option 2', 'Option 3', 'Option 4', 4, 15),
	(474, 'Question Linux 29', 'Option 1', 'Option 2', 'Option 3', 'Option 4', 1, 15),
	(475, 'Question Linux 30', 'Option 1', 'Option 2', 'Option 3', 'Option 4', 2, 15),
	(476, 'Question Linux 31', 'Option 1', 'Option 2', 'Option 3', 'Option 4', 3, 15),
	(477, 'Question Linux 32', 'Option 1', 'Option 2', 'Option 3', 'Option 4', 4, 15),
	(478, 'Question Linux 33', 'Option 1', 'Option 2', 'Option 3', 'Option 4', 1, 15),
	(479, 'Question Linux 34', 'Option 1', 'Option 2', 'Option 3', 'Option 4', 2, 15),
	(480, 'Question Linux 35', 'Option 1', 'Option 2', 'Option 3', 'Option 4', 3, 15),
	(481, 'Question Linux 36', 'Option 1', 'Option 2', 'Option 3', 'Option 4', 4, 15),
	(482, 'Question Linux 37', 'Option 1', 'Option 2', 'Option 3', 'Option 4', 1, 15),
	(483, 'Question Linux 38', 'Option 1', 'Option 2', 'Option 3', 'Option 4', 2, 15),
	(484, 'Question Linux 39', 'Option 1', 'Option 2', 'Option 3', 'Option 4', 3, 15),
	(485, 'Question Linux 40', 'Option 1', 'Option 2', 'Option 3', 'Option 4', 4, 15),
	(486, 'Question Linux 41', 'Option 1', 'Option 2', 'Option 3', 'Option 4', 1, 15),
	(487, 'Question Linux 42', 'Option 1', 'Option 2', 'Option 3', 'Option 4', 2, 15),
	(488, 'Question Linux 43', 'Option 1', 'Option 2', 'Option 3', 'Option 4', 3, 15),
	(489, 'Question Linux 44', 'Option 1', 'Option 2', 'Option 3', 'Option 4', 4, 15),
	(490, 'Question Linux 45', 'Option 1', 'Option 2', 'Option 3', 'Option 4', 1, 15),
	(491, 'Question Linux 46', 'Option 1', 'Option 2', 'Option 3', 'Option 4', 2, 15),
	(492, 'Question Linux 47', 'Option 1', 'Option 2', 'Option 3', 'Option 4', 3, 15),
	(493, 'Question Linux 48', 'Option 1', 'Option 2', 'Option 3', 'Option 4', 4, 15),
	(494, 'Question Linux 49', 'Option 1', 'Option 2', 'Option 3', 'Option 4', 1, 15),
	(495, 'Question Linux 50', 'Option 1', 'Option 2', 'Option 3', 'Option 4', 2, 15),
	(496, 'Question Linux 51', 'Option 1', 'Option 2', 'Option 3', 'Option 4', 3, 15),
	(497, 'Question Linux 52', 'Option 1', 'Option 2', 'Option 3', 'Option 4', 4, 15),
	(498, 'Question Linux 53', 'Option 1', 'Option 2', 'Option 3', 'Option 4', 1, 15),
	(499, 'Question Linux 54', 'Option 1', 'Option 2', 'Option 3', 'Option 4', 2, 15),
	(500, 'Question Linux 55', 'Option 1', 'Option 2', 'Option 3', 'Option 4', 3, 15),
	(501, 'Question Linux 56', 'Option 1', 'Option 2', 'Option 3', 'Option 4', 4, 15),
	(502, 'Question Linux 57', 'Option 1', 'Option 2', 'Option 3', 'Option 4', 1, 15),
	(503, 'Question Linux 58', 'Option 1', 'Option 2', 'Option 3', 'Option 4', 2, 15),
	(504, 'Question Linux 59', 'Option 1', 'Option 2', 'Option 3', 'Option 4', 3, 15),
	(505, 'Question Linux 60', 'Option 1', 'Option 2', 'Option 3', 'Option 4', 4, 15),
	(506, 'Question Linux 61', 'Option 1', 'Option 2', 'Option 3', 'Option 4', 1, 15),
	(507, 'Question Linux 62', 'Option 1', 'Option 2', 'Option 3', 'Option 4', 2, 15),
	(508, 'Question Linux 63', 'Option 1', 'Option 2', 'Option 3', 'Option 4', 3, 15),
	(509, 'Question Linux 64', 'Option 1', 'Option 2', 'Option 3', 'Option 4', 4, 15),
	(510, 'Question Linux 65', 'Option 1', 'Option 2', 'Option 3', 'Option 4', 1, 15),
	(511, 'Question Linux 66', 'Option 1', 'Option 2', 'Option 3', 'Option 4', 2, 15),
	(512, 'Question Linux 67', 'Option 1', 'Option 2', 'Option 3', 'Option 4', 3, 15),
	(513, 'Question Linux 68', 'Option 1', 'Option 2', 'Option 3', 'Option 4', 4, 15),
	(514, 'Question Linux 69', 'Option 1', 'Option 2', 'Option 3', 'Option 4', 1, 15),
	(515, 'Question Linux 70', 'Option 1', 'Option 2', 'Option 3', 'Option 4', 2, 15),
	(516, 'Question Linux 71', 'Option 1', 'Option 2', 'Option 3', 'Option 4', 3, 15),
	(517, 'Question Linux 72', 'Option 1', 'Option 2', 'Option 3', 'Option 4', 4, 15),
	(518, 'Question Linux 73', 'Option 1', 'Option 2', 'Option 3', 'Option 4', 1, 15),
	(519, 'Question Linux 74', 'Option 1', 'Option 2', 'Option 3', 'Option 4', 2, 15),
	(520, 'Question Linux 75', 'Option 1', 'Option 2', 'Option 3', 'Option 4', 3, 15),
	(521, 'Question Linux 76', 'Option 1', 'Option 2', 'Option 3', 'Option 4', 4, 15),
	(522, 'Question Linux 77', 'Option 1', 'Option 2', 'Option 3', 'Option 4', 1, 15),
	(523, 'Question Linux 78', 'Option 1', 'Option 2', 'Option 3', 'Option 4', 2, 15),
	(524, 'Question Linux 79', 'Option 1', 'Option 2', 'Option 3', 'Option 4', 3, 15),
	(525, 'Question Linux 80', 'Option 1', 'Option 2', 'Option 3', 'Option 4', 4, 15),
	(526, 'Question Linux 81', 'Option 1', 'Option 2', 'Option 3', 'Option 4', 1, 15),
	(527, 'Question Linux 82', 'Option 1', 'Option 2', 'Option 3', 'Option 4', 2, 15),
	(528, 'Question Linux 83', 'Option 1', 'Option 2', 'Option 3', 'Option 4', 3, 15),
	(529, 'Question Linux 84', 'Option 1', 'Option 2', 'Option 3', 'Option 4', 4, 15),
	(530, 'Question Linux 85', 'Option 1', 'Option 2', 'Option 3', 'Option 4', 1, 15),
	(531, 'Question Linux 86', 'Option 1', 'Option 2', 'Option 3', 'Option 4', 2, 15),
	(532, 'Question Linux 87', 'Option 1', 'Option 2', 'Option 3', 'Option 4', 3, 15),
	(533, 'Question Linux 88', 'Option 1', 'Option 2', 'Option 3', 'Option 4', 4, 15),
	(534, 'Question Linux 89', 'Option 1', 'Option 2', 'Option 3', 'Option 4', 1, 15),
	(535, 'Question Linux 90', 'Option 1', 'Option 2', 'Option 3', 'Option 4', 2, 15),
	(536, 'Question Linux 91', 'Option 1', 'Option 2', 'Option 3', 'Option 4', 3, 15),
	(537, 'Question Linux 92', 'Option 1', 'Option 2', 'Option 3', 'Option 4', 4, 15),
	(538, 'Question Linux 93', 'Option 1', 'Option 2', 'Option 3', 'Option 4', 1, 15),
	(539, 'Question Linux 94', 'Option 1', 'Option 2', 'Option 3', 'Option 4', 2, 15),
	(540, 'Question Linux 95', 'Option 1', 'Option 2', 'Option 3', 'Option 4', 3, 15),
	(541, 'Question Linux 96', 'Option 1', 'Option 2', 'Option 3', 'Option 4', 4, 15),
	(542, 'Question Linux 97', 'Option 1', 'Option 2', 'Option 3', 'Option 4', 1, 15),
	(543, 'Question Linux 98', 'Option 1', 'Option 2', 'Option 3', 'Option 4', 2, 15),
	(544, 'Question Linux 99', 'Option 1', 'Option 2', 'Option 3', 'Option 4', 3, 15),
	(545, 'Question Linux 100', 'Option 1', 'Option 2', 'Option 3', 'Option 4', 4, 15),
	(546, 'Question Cpp 1', 'Option 1', 'Option 2', 'Option 3', 'Option 4', 1, 17),
	(547, 'Question Cpp 2', 'Option 1', 'Option 2', 'Option 3', 'Option 4', 2, 17),
	(548, 'Question Cpp 3', 'Option 1', 'Option 2', 'Option 3', 'Option 4', 3, 17),
	(549, 'Question Cpp 4', 'Option 1', 'Option 2', 'Option 3', 'Option 4', 4, 17),
	(550, 'Question Cpp 5', 'Option 1', 'Option 2', 'Option 3', 'Option 4', 1, 17),
	(551, 'Question Cpp 6', 'Option 1', 'Option 2', 'Option 3', 'Option 4', 2, 17),
	(552, 'Question Cpp 7', 'Option 1', 'Option 2', 'Option 3', 'Option 4', 3, 17),
	(553, 'Question Cpp 8', 'Option 1', 'Option 2', 'Option 3', 'Option 4', 4, 17),
	(554, 'Question Cpp 9', 'Option 1', 'Option 2', 'Option 3', 'Option 4', 1, 17),
	(555, 'Question Cpp 10', 'Option 1', 'Option 2', 'Option 3', 'Option 4', 2, 17),
	(556, 'Question Cpp 11', 'Option 1', 'Option 2', 'Option 3', 'Option 4', 3, 17),
	(557, 'Question Cpp 12', 'Option 1', 'Option 2', 'Option 3', 'Option 4', 4, 17),
	(558, 'Question Cpp 13', 'Option 1', 'Option 2', 'Option 3', 'Option 4', 1, 17),
	(559, 'Question Cpp 14', 'Option 1', 'Option 2', 'Option 3', 'Option 4', 2, 17),
	(560, 'Question Cpp 15', 'Option 1', 'Option 2', 'Option 3', 'Option 4', 3, 17),
	(561, 'Question Cpp 16', 'Option 1', 'Option 2', 'Option 3', 'Option 4', 4, 17),
	(562, 'Question Cpp 17', 'Option 1', 'Option 2', 'Option 3', 'Option 4', 1, 17),
	(563, 'Question Cpp 18', 'Option 1', 'Option 2', 'Option 3', 'Option 4', 2, 17),
	(564, 'Question Cpp 19', 'Option 1', 'Option 2', 'Option 3', 'Option 4', 3, 17),
	(565, 'Question Cpp 20', 'Option 1', 'Option 2', 'Option 3', 'Option 4', 4, 17),
	(566, 'Question Cpp 21', 'Option 1', 'Option 2', 'Option 3', 'Option 4', 1, 17),
	(567, 'Question Cpp 22', 'Option 1', 'Option 2', 'Option 3', 'Option 4', 2, 17),
	(568, 'Question Cpp 23', 'Option 1', 'Option 2', 'Option 3', 'Option 4', 3, 17),
	(569, 'Question Cpp 24', 'Option 1', 'Option 2', 'Option 3', 'Option 4', 4, 17),
	(570, 'Question Cpp 25', 'Option 1', 'Option 2', 'Option 3', 'Option 4', 1, 17),
	(571, 'Question Cpp 26', 'Option 1', 'Option 2', 'Option 3', 'Option 4', 2, 17),
	(572, 'Question Cpp 27', 'Option 1', 'Option 2', 'Option 3', 'Option 4', 3, 17),
	(573, 'Question Cpp 28', 'Option 1', 'Option 2', 'Option 3', 'Option 4', 4, 17),
	(574, 'Question Cpp 29', 'Option 1', 'Option 2', 'Option 3', 'Option 4', 1, 17),
	(575, 'Question Cpp 30', 'Option 1', 'Option 2', 'Option 3', 'Option 4', 2, 17),
	(576, 'Question Cpp 31', 'Option 1', 'Option 2', 'Option 3', 'Option 4', 3, 17),
	(577, 'Question Cpp 32', 'Option 1', 'Option 2', 'Option 3', 'Option 4', 4, 17),
	(578, 'Question Cpp 33', 'Option 1', 'Option 2', 'Option 3', 'Option 4', 1, 17),
	(579, 'Question Cpp 34', 'Option 1', 'Option 2', 'Option 3', 'Option 4', 2, 17),
	(580, 'Question Cpp 35', 'Option 1', 'Option 2', 'Option 3', 'Option 4', 3, 17),
	(581, 'Question Cpp 36', 'Option 1', 'Option 2', 'Option 3', 'Option 4', 4, 17),
	(582, 'Question Cpp 37', 'Option 1', 'Option 2', 'Option 3', 'Option 4', 1, 17),
	(583, 'Question Cpp 38', 'Option 1', 'Option 2', 'Option 3', 'Option 4', 2, 17),
	(584, 'Question Cpp 39', 'Option 1', 'Option 2', 'Option 3', 'Option 4', 3, 17),
	(585, 'Question Cpp 40', 'Option 1', 'Option 2', 'Option 3', 'Option 4', 4, 17),
	(586, 'Question Cpp 41', 'Option 1', 'Option 2', 'Option 3', 'Option 4', 1, 17),
	(587, 'Question Cpp 42', 'Option 1', 'Option 2', 'Option 3', 'Option 4', 2, 17),
	(588, 'Question Cpp 43', 'Option 1', 'Option 2', 'Option 3', 'Option 4', 3, 17),
	(589, 'Question Cpp 44', 'Option 1', 'Option 2', 'Option 3', 'Option 4', 4, 17),
	(590, 'Question Cpp 45', 'Option 1', 'Option 2', 'Option 3', 'Option 4', 1, 17),
	(591, 'Question Cpp 46', 'Option 1', 'Option 2', 'Option 3', 'Option 4', 2, 17),
	(592, 'Question Cpp 47', 'Option 1', 'Option 2', 'Option 3', 'Option 4', 3, 17),
	(593, 'Question Cpp 48', 'Option 1', 'Option 2', 'Option 3', 'Option 4', 4, 17),
	(594, 'Question Cpp 49', 'Option 1', 'Option 2', 'Option 3', 'Option 4', 1, 17),
	(595, 'Question Cpp 50', 'Option 1', 'Option 2', 'Option 3', 'Option 4', 2, 17),
	(596, 'Question Cpp 51', 'Option 1', 'Option 2', 'Option 3', 'Option 4', 3, 17),
	(597, 'Question Cpp 52', 'Option 1', 'Option 2', 'Option 3', 'Option 4', 4, 17),
	(598, 'Question Cpp 53', 'Option 1', 'Option 2', 'Option 3', 'Option 4', 1, 17),
	(599, 'Question Cpp 54', 'Option 1', 'Option 2', 'Option 3', 'Option 4', 2, 17),
	(600, 'Question Cpp 55', 'Option 1', 'Option 2', 'Option 3', 'Option 4', 3, 17),
	(601, 'Question Cpp 56', 'Option 1', 'Option 2', 'Option 3', 'Option 4', 4, 17),
	(602, 'Question Cpp 57', 'Option 1', 'Option 2', 'Option 3', 'Option 4', 1, 17),
	(603, 'Question Cpp 58', 'Option 1', 'Option 2', 'Option 3', 'Option 4', 2, 17),
	(604, 'Question Cpp 59', 'Option 1', 'Option 2', 'Option 3', 'Option 4', 3, 17),
	(605, 'Question Cpp 60', 'Option 1', 'Option 2', 'Option 3', 'Option 4', 4, 17),
	(606, 'Question Cpp 61', 'Option 1', 'Option 2', 'Option 3', 'Option 4', 1, 17),
	(607, 'Question Cpp 62', 'Option 1', 'Option 2', 'Option 3', 'Option 4', 2, 17),
	(608, 'Question Cpp 63', 'Option 1', 'Option 2', 'Option 3', 'Option 4', 3, 17),
	(609, 'Question Cpp 64', 'Option 1', 'Option 2', 'Option 3', 'Option 4', 4, 17),
	(610, 'Question Cpp 65', 'Option 1', 'Option 2', 'Option 3', 'Option 4', 1, 17),
	(611, 'Question Cpp 66', 'Option 1', 'Option 2', 'Option 3', 'Option 4', 2, 17),
	(612, 'Question Cpp 67', 'Option 1', 'Option 2', 'Option 3', 'Option 4', 3, 17),
	(613, 'Question Cpp 68', 'Option 1', 'Option 2', 'Option 3', 'Option 4', 4, 17),
	(614, 'Question Cpp 69', 'Option 1', 'Option 2', 'Option 3', 'Option 4', 1, 17),
	(615, 'Question Cpp 70', 'Option 1', 'Option 2', 'Option 3', 'Option 4', 2, 17),
	(616, 'Question Cpp 71', 'Option 1', 'Option 2', 'Option 3', 'Option 4', 3, 17),
	(617, 'Question Cpp 72', 'Option 1', 'Option 2', 'Option 3', 'Option 4', 4, 17),
	(618, 'Question Cpp 73', 'Option 1', 'Option 2', 'Option 3', 'Option 4', 1, 17),
	(619, 'Question Cpp 74', 'Option 1', 'Option 2', 'Option 3', 'Option 4', 2, 17),
	(620, 'Question Cpp 75', 'Option 1', 'Option 2', 'Option 3', 'Option 4', 3, 17),
	(621, 'Question Cpp 76', 'Option 1', 'Option 2', 'Option 3', 'Option 4', 4, 17),
	(622, 'Question Cpp 77', 'Option 1', 'Option 2', 'Option 3', 'Option 4', 1, 17),
	(623, 'Question Cpp 78', 'Option 1', 'Option 2', 'Option 3', 'Option 4', 2, 17),
	(624, 'Question Cpp 79', 'Option 1', 'Option 2', 'Option 3', 'Option 4', 3, 17),
	(625, 'Question Cpp 80', 'Option 1', 'Option 2', 'Option 3', 'Option 4', 4, 17),
	(626, 'Question Cpp 81', 'Option 1', 'Option 2', 'Option 3', 'Option 4', 1, 17),
	(627, 'Question Cpp 82', 'Option 1', 'Option 2', 'Option 3', 'Option 4', 2, 17),
	(628, 'Question Cpp 83', 'Option 1', 'Option 2', 'Option 3', 'Option 4', 3, 17),
	(629, 'Question Cpp 84', 'Option 1', 'Option 2', 'Option 3', 'Option 4', 4, 17),
	(630, 'Question Cpp 85', 'Option 1', 'Option 2', 'Option 3', 'Option 4', 1, 17),
	(631, 'Question Cpp 86', 'Option 1', 'Option 2', 'Option 3', 'Option 4', 2, 17),
	(632, 'Question Cpp 87', 'Option 1', 'Option 2', 'Option 3', 'Option 4', 3, 17),
	(633, 'Question Cpp 88', 'Option 1', 'Option 2', 'Option 3', 'Option 4', 4, 17),
	(634, 'Question Cpp 89', 'Option 1', 'Option 2', 'Option 3', 'Option 4', 1, 17),
	(635, 'Question Cpp 90', 'Option 1', 'Option 2', 'Option 3', 'Option 4', 2, 17),
	(636, 'Question Cpp 91', 'Option 1', 'Option 2', 'Option 3', 'Option 4', 3, 17),
	(637, 'Question Cpp 92', 'Option 1', 'Option 2', 'Option 3', 'Option 4', 4, 17),
	(638, 'Question Cpp 93', 'Option 1', 'Option 2', 'Option 3', 'Option 4', 1, 17),
	(639, 'Question Cpp 94', 'Option 1', 'Option 2', 'Option 3', 'Option 4', 2, 17),
	(640, 'Question Cpp 95', 'Option 1', 'Option 2', 'Option 3', 'Option 4', 3, 17),
	(641, 'Question Cpp 96', 'Option 1', 'Option 2', 'Option 3', 'Option 4', 4, 17),
	(642, 'Question Cpp 97', 'Option 1', 'Option 2', 'Option 3', 'Option 4', 1, 17),
	(643, 'Question Cpp 98', 'Option 1', 'Option 2', 'Option 3', 'Option 4', 2, 17),
	(644, 'Question Cpp 99', 'Option 1', 'Option 2', 'Option 3', 'Option 4', 3, 17),
	(645, 'Question Cpp 100', 'Option 1', 'Option 2', 'Option 3', 'Option 4', 4, 17),
	(646, 'Question C 1', 'Option 1', 'Option 2', 'Option 3', 'Option 4', 1, 18),
	(647, 'Question C 2', 'Option 1', 'Option 2', 'Option 3', 'Option 4', 2, 18),
	(648, 'Question C 3', 'Option 1', 'Option 2', 'Option 3', 'Option 4', 3, 18),
	(649, 'Question C 4', 'Option 1', 'Option 2', 'Option 3', 'Option 4', 4, 18),
	(650, 'Question C 5', 'Option 1', 'Option 2', 'Option 3', 'Option 4', 1, 18),
	(651, 'Question C 6', 'Option 1', 'Option 2', 'Option 3', 'Option 4', 2, 18),
	(652, 'Question C 7', 'Option 1', 'Option 2', 'Option 3', 'Option 4', 3, 18),
	(653, 'Question C 8', 'Option 1', 'Option 2', 'Option 3', 'Option 4', 4, 18),
	(654, 'Question C 9', 'Option 1', 'Option 2', 'Option 3', 'Option 4', 1, 18),
	(655, 'Question C 10', 'Option 1', 'Option 2', 'Option 3', 'Option 4', 2, 18),
	(656, 'Question C 11', 'Option 1', 'Option 2', 'Option 3', 'Option 4', 3, 18),
	(657, 'Question C 12', 'Option 1', 'Option 2', 'Option 3', 'Option 4', 4, 18),
	(658, 'Question C 13', 'Option 1', 'Option 2', 'Option 3', 'Option 4', 1, 18),
	(659, 'Question C 14', 'Option 1', 'Option 2', 'Option 3', 'Option 4', 2, 18),
	(660, 'Question C 15', 'Option 1', 'Option 2', 'Option 3', 'Option 4', 3, 18),
	(661, 'Question C 16', 'Option 1', 'Option 2', 'Option 3', 'Option 4', 4, 18),
	(662, 'Question C 17', 'Option 1', 'Option 2', 'Option 3', 'Option 4', 1, 18),
	(663, 'Question C 18', 'Option 1', 'Option 2', 'Option 3', 'Option 4', 2, 18),
	(664, 'Question C 19', 'Option 1', 'Option 2', 'Option 3', 'Option 4', 3, 18),
	(665, 'Question C 20', 'Option 1', 'Option 2', 'Option 3', 'Option 4', 4, 18),
	(666, 'Question C 21', 'Option 1', 'Option 2', 'Option 3', 'Option 4', 1, 18),
	(667, 'Question C 22', 'Option 1', 'Option 2', 'Option 3', 'Option 4', 2, 18),
	(668, 'Question C 23', 'Option 1', 'Option 2', 'Option 3', 'Option 4', 3, 18),
	(669, 'Question C 24', 'Option 1', 'Option 2', 'Option 3', 'Option 4', 4, 18),
	(670, 'Question C 25', 'Option 1', 'Option 2', 'Option 3', 'Option 4', 1, 18),
	(671, 'Question C 26', 'Option 1', 'Option 2', 'Option 3', 'Option 4', 2, 18),
	(672, 'Question C 27', 'Option 1', 'Option 2', 'Option 3', 'Option 4', 3, 18),
	(673, 'Question C 28', 'Option 1', 'Option 2', 'Option 3', 'Option 4', 4, 18),
	(674, 'Question C 29', 'Option 1', 'Option 2', 'Option 3', 'Option 4', 1, 18),
	(675, 'Question C 30', 'Option 1', 'Option 2', 'Option 3', 'Option 4', 2, 18),
	(676, 'Question C 31', 'Option 1', 'Option 2', 'Option 3', 'Option 4', 3, 18),
	(677, 'Question C 32', 'Option 1', 'Option 2', 'Option 3', 'Option 4', 4, 18),
	(678, 'Question C 33', 'Option 1', 'Option 2', 'Option 3', 'Option 4', 1, 18),
	(679, 'Question C 34', 'Option 1', 'Option 2', 'Option 3', 'Option 4', 2, 18),
	(680, 'Question C 35', 'Option 1', 'Option 2', 'Option 3', 'Option 4', 3, 18),
	(681, 'Question C 36', 'Option 1', 'Option 2', 'Option 3', 'Option 4', 4, 18),
	(682, 'Question C 37', 'Option 1', 'Option 2', 'Option 3', 'Option 4', 1, 18),
	(683, 'Question C 38', 'Option 1', 'Option 2', 'Option 3', 'Option 4', 2, 18),
	(684, 'Question C 39', 'Option 1', 'Option 2', 'Option 3', 'Option 4', 3, 18),
	(685, 'Question C 40', 'Option 1', 'Option 2', 'Option 3', 'Option 4', 4, 18),
	(686, 'Question C 41', 'Option 1', 'Option 2', 'Option 3', 'Option 4', 1, 18),
	(687, 'Question C 42', 'Option 1', 'Option 2', 'Option 3', 'Option 4', 2, 18),
	(688, 'Question C 43', 'Option 1', 'Option 2', 'Option 3', 'Option 4', 3, 18),
	(689, 'Question C 44', 'Option 1', 'Option 2', 'Option 3', 'Option 4', 4, 18),
	(690, 'Question C 45', 'Option 1', 'Option 2', 'Option 3', 'Option 4', 1, 18),
	(691, 'Question C 46', 'Option 1', 'Option 2', 'Option 3', 'Option 4', 2, 18),
	(692, 'Question C 47', 'Option 1', 'Option 2', 'Option 3', 'Option 4', 3, 18),
	(693, 'Question C 48', 'Option 1', 'Option 2', 'Option 3', 'Option 4', 4, 18),
	(694, 'Question C 49', 'Option 1', 'Option 2', 'Option 3', 'Option 4', 1, 18),
	(695, 'Question C 50', 'Option 1', 'Option 2', 'Option 3', 'Option 4', 2, 18),
	(696, 'Question C 51', 'Option 1', 'Option 2', 'Option 3', 'Option 4', 3, 18),
	(697, 'Question C 52', 'Option 1', 'Option 2', 'Option 3', 'Option 4', 4, 18),
	(698, 'Question C 53', 'Option 1', 'Option 2', 'Option 3', 'Option 4', 1, 18),
	(699, 'Question C 54', 'Option 1', 'Option 2', 'Option 3', 'Option 4', 2, 18),
	(700, 'Question C 55', 'Option 1', 'Option 2', 'Option 3', 'Option 4', 3, 18),
	(701, 'Question C 56', 'Option 1', 'Option 2', 'Option 3', 'Option 4', 4, 18),
	(702, 'Question C 57', 'Option 1', 'Option 2', 'Option 3', 'Option 4', 1, 18),
	(703, 'Question C 58', 'Option 1', 'Option 2', 'Option 3', 'Option 4', 2, 18),
	(704, 'Question C 59', 'Option 1', 'Option 2', 'Option 3', 'Option 4', 3, 18),
	(705, 'Question C 60', 'Option 1', 'Option 2', 'Option 3', 'Option 4', 4, 18),
	(706, 'Question C 61', 'Option 1', 'Option 2', 'Option 3', 'Option 4', 1, 18),
	(707, 'Question C 62', 'Option 1', 'Option 2', 'Option 3', 'Option 4', 2, 18),
	(708, 'Question C 63', 'Option 1', 'Option 2', 'Option 3', 'Option 4', 3, 18),
	(709, 'Question C 64', 'Option 1', 'Option 2', 'Option 3', 'Option 4', 4, 18),
	(710, 'Question C 65', 'Option 1', 'Option 2', 'Option 3', 'Option 4', 1, 18),
	(711, 'Question C 66', 'Option 1', 'Option 2', 'Option 3', 'Option 4', 2, 18),
	(712, 'Question C 67', 'Option 1', 'Option 2', 'Option 3', 'Option 4', 3, 18),
	(713, 'Question C 68', 'Option 1', 'Option 2', 'Option 3', 'Option 4', 4, 18),
	(714, 'Question C 69', 'Option 1', 'Option 2', 'Option 3', 'Option 4', 1, 18),
	(715, 'Question C 70', 'Option 1', 'Option 2', 'Option 3', 'Option 4', 2, 18),
	(716, 'Question C 71', 'Option 1', 'Option 2', 'Option 3', 'Option 4', 3, 18),
	(717, 'Question C 72', 'Option 1', 'Option 2', 'Option 3', 'Option 4', 4, 18),
	(718, 'Question C 73', 'Option 1', 'Option 2', 'Option 3', 'Option 4', 1, 18),
	(719, 'Question C 74', 'Option 1', 'Option 2', 'Option 3', 'Option 4', 2, 18),
	(720, 'Question C 75', 'Option 1', 'Option 2', 'Option 3', 'Option 4', 3, 18),
	(721, 'Question C 76', 'Option 1', 'Option 2', 'Option 3', 'Option 4', 4, 18),
	(722, 'Question C 77', 'Option 1', 'Option 2', 'Option 3', 'Option 4', 1, 18),
	(723, 'Question C 78', 'Option 1', 'Option 2', 'Option 3', 'Option 4', 2, 18),
	(724, 'Question C 79', 'Option 1', 'Option 2', 'Option 3', 'Option 4', 3, 18),
	(725, 'Question C 80', 'Option 1', 'Option 2', 'Option 3', 'Option 4', 4, 18),
	(726, 'Question C 81', 'Option 1', 'Option 2', 'Option 3', 'Option 4', 1, 18),
	(727, 'Question C 82', 'Option 1', 'Option 2', 'Option 3', 'Option 4', 2, 18),
	(728, 'Question C 83', 'Option 1', 'Option 2', 'Option 3', 'Option 4', 3, 18),
	(729, 'Question C 84', 'Option 1', 'Option 2', 'Option 3', 'Option 4', 4, 18),
	(730, 'Question C 85', 'Option 1', 'Option 2', 'Option 3', 'Option 4', 1, 18),
	(731, 'Question C 86', 'Option 1', 'Option 2', 'Option 3', 'Option 4', 2, 18),
	(732, 'Question C 87', 'Option 1', 'Option 2', 'Option 3', 'Option 4', 3, 18),
	(733, 'Question C 88', 'Option 1', 'Option 2', 'Option 3', 'Option 4', 4, 18),
	(734, 'Question C 89', 'Option 1', 'Option 2', 'Option 3', 'Option 4', 1, 18),
	(735, 'Question C 90', 'Option 1', 'Option 2', 'Option 3', 'Option 4', 2, 18),
	(736, 'Question C 91', 'Option 1', 'Option 2', 'Option 3', 'Option 4', 3, 18),
	(737, 'Question C 92', 'Option 1', 'Option 2', 'Option 3', 'Option 4', 4, 18),
	(738, 'Question C 93', 'Option 1', 'Option 2', 'Option 3', 'Option 4', 1, 18),
	(739, 'Question C 94', 'Option 1', 'Option 2', 'Option 3', 'Option 4', 2, 18),
	(740, 'Question C 95', 'Option 1', 'Option 2', 'Option 3', 'Option 4', 3, 18),
	(741, 'Question C 96', 'Option 1', 'Option 2', 'Option 3', 'Option 4', 4, 18),
	(742, 'Question C 97', 'Option 1', 'Option 2', 'Option 3', 'Option 4', 1, 18),
	(743, 'Question C 98', 'Option 1', 'Option 2', 'Option 3', 'Option 4', 2, 18),
	(744, 'Question C 99', 'Option 1', 'Option 2', 'Option 3', 'Option 4', 3, 18),
	(745, 'Question C 100', 'Option 1', 'Option 2', 'Option 3', 'Option 4', 4, 18),
	(746, 'Question Broadcast 1', 'Option 1', 'Option 2', 'Option 3', 'Option 4', 1, 19),
	(747, 'Question Broadcast 2', 'Option 1', 'Option 2', 'Option 3', 'Option 4', 2, 19),
	(748, 'Question Broadcast 3', 'Option 1', 'Option 2', 'Option 3', 'Option 4', 3, 19),
	(749, 'Question Broadcast 4', 'Option 1', 'Option 2', 'Option 3', 'Option 4', 4, 19),
	(750, 'Question Broadcast 5', 'Option 1', 'Option 2', 'Option 3', 'Option 4', 1, 19),
	(751, 'Question Broadcast 6', 'Option 1', 'Option 2', 'Option 3', 'Option 4', 2, 19),
	(752, 'Question Broadcast 7', 'Option 1', 'Option 2', 'Option 3', 'Option 4', 3, 19),
	(753, 'Question Broadcast 8', 'Option 1', 'Option 2', 'Option 3', 'Option 4', 4, 19),
	(754, 'Question Broadcast 9', 'Option 1', 'Option 2', 'Option 3', 'Option 4', 1, 19),
	(755, 'Question Broadcast 10', 'Option 1', 'Option 2', 'Option 3', 'Option 4', 2, 19),
	(756, 'Question Broadcast 11', 'Option 1', 'Option 2', 'Option 3', 'Option 4', 3, 19),
	(757, 'Question Broadcast 12', 'Option 1', 'Option 2', 'Option 3', 'Option 4', 4, 19),
	(758, 'Question Broadcast 13', 'Option 1', 'Option 2', 'Option 3', 'Option 4', 1, 19),
	(759, 'Question Broadcast 14', 'Option 1', 'Option 2', 'Option 3', 'Option 4', 2, 19),
	(760, 'Question Broadcast 15', 'Option 1', 'Option 2', 'Option 3', 'Option 4', 3, 19),
	(761, 'Question Broadcast 16', 'Option 1', 'Option 2', 'Option 3', 'Option 4', 4, 19),
	(762, 'Question Broadcast 17', 'Option 1', 'Option 2', 'Option 3', 'Option 4', 1, 19),
	(763, 'Question Broadcast 18', 'Option 1', 'Option 2', 'Option 3', 'Option 4', 2, 19),
	(764, 'Question Broadcast 19', 'Option 1', 'Option 2', 'Option 3', 'Option 4', 3, 19),
	(765, 'Question Broadcast 20', 'Option 1', 'Option 2', 'Option 3', 'Option 4', 4, 19),
	(766, 'Question Broadcast 21', 'Option 1', 'Option 2', 'Option 3', 'Option 4', 1, 19),
	(767, 'Question Broadcast 22', 'Option 1', 'Option 2', 'Option 3', 'Option 4', 2, 19),
	(768, 'Question Broadcast 23', 'Option 1', 'Option 2', 'Option 3', 'Option 4', 3, 19),
	(769, 'Question Broadcast 24', 'Option 1', 'Option 2', 'Option 3', 'Option 4', 4, 19),
	(770, 'Question Broadcast 25', 'Option 1', 'Option 2', 'Option 3', 'Option 4', 1, 19),
	(771, 'Question Broadcast 26', 'Option 1', 'Option 2', 'Option 3', 'Option 4', 2, 19),
	(772, 'Question Broadcast 27', 'Option 1', 'Option 2', 'Option 3', 'Option 4', 3, 19),
	(773, 'Question Broadcast 28', 'Option 1', 'Option 2', 'Option 3', 'Option 4', 4, 19),
	(774, 'Question Broadcast 29', 'Option 1', 'Option 2', 'Option 3', 'Option 4', 1, 19),
	(775, 'Question Broadcast 30', 'Option 1', 'Option 2', 'Option 3', 'Option 4', 2, 19),
	(776, 'Question Broadcast 31', 'Option 1', 'Option 2', 'Option 3', 'Option 4', 3, 19),
	(777, 'Question Broadcast 32', 'Option 1', 'Option 2', 'Option 3', 'Option 4', 4, 19),
	(778, 'Question Broadcast 33', 'Option 1', 'Option 2', 'Option 3', 'Option 4', 1, 19),
	(779, 'Question Broadcast 34', 'Option 1', 'Option 2', 'Option 3', 'Option 4', 2, 19),
	(780, 'Question Broadcast 35', 'Option 1', 'Option 2', 'Option 3', 'Option 4', 3, 19),
	(781, 'Question Broadcast 36', 'Option 1', 'Option 2', 'Option 3', 'Option 4', 4, 19),
	(782, 'Question Broadcast 37', 'Option 1', 'Option 2', 'Option 3', 'Option 4', 1, 19),
	(783, 'Question Broadcast 38', 'Option 1', 'Option 2', 'Option 3', 'Option 4', 2, 19),
	(784, 'Question Broadcast 39', 'Option 1', 'Option 2', 'Option 3', 'Option 4', 3, 19),
	(785, 'Question Broadcast 40', 'Option 1', 'Option 2', 'Option 3', 'Option 4', 4, 19),
	(786, 'Question Broadcast 41', 'Option 1', 'Option 2', 'Option 3', 'Option 4', 1, 19),
	(787, 'Question Broadcast 42', 'Option 1', 'Option 2', 'Option 3', 'Option 4', 2, 19),
	(788, 'Question Broadcast 43', 'Option 1', 'Option 2', 'Option 3', 'Option 4', 3, 19),
	(789, 'Question Broadcast 44', 'Option 1', 'Option 2', 'Option 3', 'Option 4', 4, 19),
	(790, 'Question Broadcast 45', 'Option 1', 'Option 2', 'Option 3', 'Option 4', 1, 19),
	(791, 'Question Broadcast 46', 'Option 1', 'Option 2', 'Option 3', 'Option 4', 2, 19),
	(792, 'Question Broadcast 47', 'Option 1', 'Option 2', 'Option 3', 'Option 4', 3, 19),
	(793, 'Question Broadcast 48', 'Option 1', 'Option 2', 'Option 3', 'Option 4', 4, 19),
	(794, 'Question Broadcast 49', 'Option 1', 'Option 2', 'Option 3', 'Option 4', 1, 19),
	(795, 'Question Broadcast 50', 'Option 1', 'Option 2', 'Option 3', 'Option 4', 2, 19),
	(796, 'Question Broadcast 51', 'Option 1', 'Option 2', 'Option 3', 'Option 4', 3, 19),
	(797, 'Question Broadcast 52', 'Option 1', 'Option 2', 'Option 3', 'Option 4', 4, 19),
	(798, 'Question Broadcast 53', 'Option 1', 'Option 2', 'Option 3', 'Option 4', 1, 19),
	(799, 'Question Broadcast 54', 'Option 1', 'Option 2', 'Option 3', 'Option 4', 2, 19),
	(800, 'Question Broadcast 55', 'Option 1', 'Option 2', 'Option 3', 'Option 4', 3, 19),
	(801, 'Question Broadcast 56', 'Option 1', 'Option 2', 'Option 3', 'Option 4', 4, 19),
	(802, 'Question Broadcast 57', 'Option 1', 'Option 2', 'Option 3', 'Option 4', 1, 19),
	(803, 'Question Broadcast 58', 'Option 1', 'Option 2', 'Option 3', 'Option 4', 2, 19),
	(804, 'Question Broadcast 59', 'Option 1', 'Option 2', 'Option 3', 'Option 4', 3, 19),
	(805, 'Question Broadcast 60', 'Option 1', 'Option 2', 'Option 3', 'Option 4', 4, 19),
	(806, 'Question Broadcast 61', 'Option 1', 'Option 2', 'Option 3', 'Option 4', 1, 19),
	(807, 'Question Broadcast 62', 'Option 1', 'Option 2', 'Option 3', 'Option 4', 2, 19),
	(808, 'Question Broadcast 63', 'Option 1', 'Option 2', 'Option 3', 'Option 4', 3, 19),
	(809, 'Question Broadcast 64', 'Option 1', 'Option 2', 'Option 3', 'Option 4', 4, 19),
	(810, 'Question Broadcast 65', 'Option 1', 'Option 2', 'Option 3', 'Option 4', 1, 19),
	(811, 'Question Broadcast 66', 'Option 1', 'Option 2', 'Option 3', 'Option 4', 2, 19),
	(812, 'Question Broadcast 67', 'Option 1', 'Option 2', 'Option 3', 'Option 4', 3, 19),
	(813, 'Question Broadcast 68', 'Option 1', 'Option 2', 'Option 3', 'Option 4', 4, 19),
	(814, 'Question Broadcast 69', 'Option 1', 'Option 2', 'Option 3', 'Option 4', 1, 19),
	(815, 'Question Broadcast 70', 'Option 1', 'Option 2', 'Option 3', 'Option 4', 2, 19),
	(816, 'Question Broadcast 71', 'Option 1', 'Option 2', 'Option 3', 'Option 4', 3, 19),
	(817, 'Question Broadcast 72', 'Option 1', 'Option 2', 'Option 3', 'Option 4', 4, 19),
	(818, 'Question Broadcast 73', 'Option 1', 'Option 2', 'Option 3', 'Option 4', 1, 19),
	(819, 'Question Broadcast 74', 'Option 1', 'Option 2', 'Option 3', 'Option 4', 2, 19),
	(820, 'Question Broadcast 75', 'Option 1', 'Option 2', 'Option 3', 'Option 4', 3, 19),
	(821, 'Question Broadcast 76', 'Option 1', 'Option 2', 'Option 3', 'Option 4', 4, 19),
	(822, 'Question Broadcast 77', 'Option 1', 'Option 2', 'Option 3', 'Option 4', 1, 19),
	(823, 'Question Broadcast 78', 'Option 1', 'Option 2', 'Option 3', 'Option 4', 2, 19),
	(824, 'Question Broadcast 79', 'Option 1', 'Option 2', 'Option 3', 'Option 4', 3, 19),
	(825, 'Question Broadcast 80', 'Option 1', 'Option 2', 'Option 3', 'Option 4', 4, 19),
	(826, 'Question Broadcast 81', 'Option 1', 'Option 2', 'Option 3', 'Option 4', 1, 19),
	(827, 'Question Broadcast 82', 'Option 1', 'Option 2', 'Option 3', 'Option 4', 2, 19),
	(828, 'Question Broadcast 83', 'Option 1', 'Option 2', 'Option 3', 'Option 4', 3, 19),
	(829, 'Question Broadcast 84', 'Option 1', 'Option 2', 'Option 3', 'Option 4', 4, 19),
	(830, 'Question Broadcast 85', 'Option 1', 'Option 2', 'Option 3', 'Option 4', 1, 19),
	(831, 'Question Broadcast 86', 'Option 1', 'Option 2', 'Option 3', 'Option 4', 2, 19),
	(832, 'Question Broadcast 87', 'Option 1', 'Option 2', 'Option 3', 'Option 4', 3, 19),
	(833, 'Question Broadcast 88', 'Option 1', 'Option 2', 'Option 3', 'Option 4', 4, 19),
	(834, 'Question Broadcast 89', 'Option 1', 'Option 2', 'Option 3', 'Option 4', 1, 19),
	(835, 'Question Broadcast 90', 'Option 1', 'Option 2', 'Option 3', 'Option 4', 2, 19),
	(836, 'Question Broadcast 91', 'Option 1', 'Option 2', 'Option 3', 'Option 4', 3, 19),
	(837, 'Question Broadcast 92', 'Option 1', 'Option 2', 'Option 3', 'Option 4', 4, 19),
	(838, 'Question Broadcast 93', 'Option 1', 'Option 2', 'Option 3', 'Option 4', 1, 19),
	(839, 'Question Broadcast 94', 'Option 1', 'Option 2', 'Option 3', 'Option 4', 2, 19),
	(840, 'Question Broadcast 95', 'Option 1', 'Option 2', 'Option 3', 'Option 4', 3, 19),
	(841, 'Question Broadcast 96', 'Option 1', 'Option 2', 'Option 3', 'Option 4', 4, 19),
	(842, 'Question Broadcast 97', 'Option 1', 'Option 2', 'Option 3', 'Option 4', 1, 19),
	(843, 'Question Broadcast 98', 'Option 1', 'Option 2', 'Option 3', 'Option 4', 2, 19),
	(844, 'Question Broadcast 99', 'Option 1', 'Option 2', 'Option 3', 'Option 4', 3, 19),
	(845, 'Question Broadcast 100', 'Option 1', 'Option 2', 'Option 3', 'Option 4', 4, 19),
	(846, 'Question Anlytical 1', 'Option 1', 'Option 2', 'Option 3', 'Option 4', 1, 20),
	(847, 'Question Anlytical 2', 'Option 1', 'Option 2', 'Option 3', 'Option 4', 2, 20),
	(848, 'Question Anlytical 3', 'Option 1', 'Option 2', 'Option 3', 'Option 4', 3, 20),
	(849, 'Question Anlytical 4', 'Option 1', 'Option 2', 'Option 3', 'Option 4', 4, 20),
	(850, 'Question Anlytical 5', 'Option 1', 'Option 2', 'Option 3', 'Option 4', 1, 20),
	(851, 'Question Anlytical 6', 'Option 1', 'Option 2', 'Option 3', 'Option 4', 2, 20),
	(852, 'Question Anlytical 7', 'Option 1', 'Option 2', 'Option 3', 'Option 4', 3, 20),
	(853, 'Question Anlytical 8', 'Option 1', 'Option 2', 'Option 3', 'Option 4', 4, 20),
	(854, 'Question Anlytical 9', 'Option 1', 'Option 2', 'Option 3', 'Option 4', 1, 20),
	(855, 'Question Anlytical 10', 'Option 1', 'Option 2', 'Option 3', 'Option 4', 2, 20),
	(856, 'Question Anlytical 11', 'Option 1', 'Option 2', 'Option 3', 'Option 4', 3, 20),
	(857, 'Question Anlytical 12', 'Option 1', 'Option 2', 'Option 3', 'Option 4', 4, 20),
	(858, 'Question Anlytical 13', 'Option 1', 'Option 2', 'Option 3', 'Option 4', 1, 20),
	(859, 'Question Anlytical 14', 'Option 1', 'Option 2', 'Option 3', 'Option 4', 2, 20),
	(860, 'Question Anlytical 15', 'Option 1', 'Option 2', 'Option 3', 'Option 4', 3, 20),
	(861, 'Question Anlytical 16', 'Option 1', 'Option 2', 'Option 3', 'Option 4', 4, 20),
	(862, 'Question Anlytical 17', 'Option 1', 'Option 2', 'Option 3', 'Option 4', 1, 20),
	(863, 'Question Anlytical 18', 'Option 1', 'Option 2', 'Option 3', 'Option 4', 2, 20),
	(864, 'Question Anlytical 19', 'Option 1', 'Option 2', 'Option 3', 'Option 4', 3, 20),
	(865, 'Question Anlytical 20', 'Option 1', 'Option 2', 'Option 3', 'Option 4', 4, 20),
	(866, 'Question Anlytical 21', 'Option 1', 'Option 2', 'Option 3', 'Option 4', 1, 20),
	(867, 'Question Anlytical 22', 'Option 1', 'Option 2', 'Option 3', 'Option 4', 2, 20),
	(868, 'Question Anlytical 23', 'Option 1', 'Option 2', 'Option 3', 'Option 4', 3, 20),
	(869, 'Question Anlytical 24', 'Option 1', 'Option 2', 'Option 3', 'Option 4', 4, 20),
	(870, 'Question Anlytical 25', 'Option 1', 'Option 2', 'Option 3', 'Option 4', 1, 20),
	(871, 'Question Anlytical 26', 'Option 1', 'Option 2', 'Option 3', 'Option 4', 2, 20),
	(872, 'Question Anlytical 27', 'Option 1', 'Option 2', 'Option 3', 'Option 4', 3, 20),
	(873, 'Question Anlytical 28', 'Option 1', 'Option 2', 'Option 3', 'Option 4', 4, 20),
	(874, 'Question Anlytical 29', 'Option 1', 'Option 2', 'Option 3', 'Option 4', 1, 20),
	(875, 'Question Anlytical 30', 'Option 1', 'Option 2', 'Option 3', 'Option 4', 2, 20),
	(876, 'Question Anlytical 31', 'Option 1', 'Option 2', 'Option 3', 'Option 4', 3, 20),
	(877, 'Question Anlytical 32', 'Option 1', 'Option 2', 'Option 3', 'Option 4', 4, 20),
	(878, 'Question Anlytical 33', 'Option 1', 'Option 2', 'Option 3', 'Option 4', 1, 20),
	(879, 'Question Anlytical 34', 'Option 1', 'Option 2', 'Option 3', 'Option 4', 2, 20),
	(880, 'Question Anlytical 35', 'Option 1', 'Option 2', 'Option 3', 'Option 4', 3, 20),
	(881, 'Question Anlytical 36', 'Option 1', 'Option 2', 'Option 3', 'Option 4', 4, 20),
	(882, 'Question Anlytical 37', 'Option 1', 'Option 2', 'Option 3', 'Option 4', 1, 20),
	(883, 'Question Anlytical 38', 'Option 1', 'Option 2', 'Option 3', 'Option 4', 2, 20),
	(884, 'Question Anlytical 39', 'Option 1', 'Option 2', 'Option 3', 'Option 4', 3, 20),
	(885, 'Question Anlytical 40', 'Option 1', 'Option 2', 'Option 3', 'Option 4', 4, 20),
	(886, 'Question Anlytical 41', 'Option 1', 'Option 2', 'Option 3', 'Option 4', 1, 20),
	(887, 'Question Anlytical 42', 'Option 1', 'Option 2', 'Option 3', 'Option 4', 2, 20),
	(888, 'Question Anlytical 43', 'Option 1', 'Option 2', 'Option 3', 'Option 4', 3, 20),
	(889, 'Question Anlytical 44', 'Option 1', 'Option 2', 'Option 3', 'Option 4', 4, 20),
	(890, 'Question Anlytical 45', 'Option 1', 'Option 2', 'Option 3', 'Option 4', 1, 20),
	(891, 'Question Anlytical 46', 'Option 1', 'Option 2', 'Option 3', 'Option 4', 2, 20),
	(892, 'Question Anlytical 47', 'Option 1', 'Option 2', 'Option 3', 'Option 4', 3, 20),
	(893, 'Question Anlytical 48', 'Option 1', 'Option 2', 'Option 3', 'Option 4', 4, 20),
	(894, 'Question Anlytical 49', 'Option 1', 'Option 2', 'Option 3', 'Option 4', 1, 20),
	(895, 'Question Anlytical 50', 'Option 1', 'Option 2', 'Option 3', 'Option 4', 2, 20),
	(896, 'Question Anlytical 51', 'Option 1', 'Option 2', 'Option 3', 'Option 4', 3, 20),
	(897, 'Question Anlytical 52', 'Option 1', 'Option 2', 'Option 3', 'Option 4', 4, 20),
	(898, 'Question Anlytical 53', 'Option 1', 'Option 2', 'Option 3', 'Option 4', 1, 20),
	(899, 'Question Anlytical 54', 'Option 1', 'Option 2', 'Option 3', 'Option 4', 2, 20),
	(900, 'Question Anlytical 55', 'Option 1', 'Option 2', 'Option 3', 'Option 4', 3, 20),
	(901, 'Question Anlytical 56', 'Option 1', 'Option 2', 'Option 3', 'Option 4', 4, 20),
	(902, 'Question Anlytical 57', 'Option 1', 'Option 2', 'Option 3', 'Option 4', 1, 20),
	(903, 'Question Anlytical 58', 'Option 1', 'Option 2', 'Option 3', 'Option 4', 2, 20),
	(904, 'Question Anlytical 59', 'Option 1', 'Option 2', 'Option 3', 'Option 4', 3, 20),
	(905, 'Question Anlytical 60', 'Option 1', 'Option 2', 'Option 3', 'Option 4', 4, 20),
	(906, 'Question Anlytical 61', 'Option 1', 'Option 2', 'Option 3', 'Option 4', 1, 20),
	(907, 'Question Anlytical 62', 'Option 1', 'Option 2', 'Option 3', 'Option 4', 2, 20),
	(908, 'Question Anlytical 63', 'Option 1', 'Option 2', 'Option 3', 'Option 4', 3, 20),
	(909, 'Question Anlytical 64', 'Option 1', 'Option 2', 'Option 3', 'Option 4', 4, 20),
	(910, 'Question Anlytical 65', 'Option 1', 'Option 2', 'Option 3', 'Option 4', 1, 20),
	(911, 'Question Anlytical 66', 'Option 1', 'Option 2', 'Option 3', 'Option 4', 2, 20),
	(912, 'Question Anlytical 67', 'Option 1', 'Option 2', 'Option 3', 'Option 4', 3, 20),
	(913, 'Question Anlytical 68', 'Option 1', 'Option 2', 'Option 3', 'Option 4', 4, 20),
	(914, 'Question Anlytical 69', 'Option 1', 'Option 2', 'Option 3', 'Option 4', 1, 20),
	(915, 'Question Anlytical 70', 'Option 1', 'Option 2', 'Option 3', 'Option 4', 2, 20),
	(916, 'Question Anlytical 71', 'Option 1', 'Option 2', 'Option 3', 'Option 4', 3, 20),
	(917, 'Question Anlytical 72', 'Option 1', 'Option 2', 'Option 3', 'Option 4', 4, 20),
	(918, 'Question Anlytical 73', 'Option 1', 'Option 2', 'Option 3', 'Option 4', 1, 20),
	(919, 'Question Anlytical 74', 'Option 1', 'Option 2', 'Option 3', 'Option 4', 2, 20),
	(920, 'Question Anlytical 75', 'Option 1', 'Option 2', 'Option 3', 'Option 4', 3, 20),
	(921, 'Question Anlytical 76', 'Option 1', 'Option 2', 'Option 3', 'Option 4', 4, 20),
	(922, 'Question Anlytical 77', 'Option 1', 'Option 2', 'Option 3', 'Option 4', 1, 20),
	(923, 'Question Anlytical 78', 'Option 1', 'Option 2', 'Option 3', 'Option 4', 2, 20),
	(924, 'Question Anlytical 79', 'Option 1', 'Option 2', 'Option 3', 'Option 4', 3, 20),
	(925, 'Question Anlytical 80', 'Option 1', 'Option 2', 'Option 3', 'Option 4', 4, 20),
	(926, 'Question Anlytical 81', 'Option 1', 'Option 2', 'Option 3', 'Option 4', 1, 20),
	(927, 'Question Anlytical 82', 'Option 1', 'Option 2', 'Option 3', 'Option 4', 2, 20),
	(928, 'Question Anlytical 83', 'Option 1', 'Option 2', 'Option 3', 'Option 4', 3, 20),
	(929, 'Question Anlytical 84', 'Option 1', 'Option 2', 'Option 3', 'Option 4', 4, 20),
	(930, 'Question Anlytical 85', 'Option 1', 'Option 2', 'Option 3', 'Option 4', 1, 20),
	(931, 'Question Anlytical 86', 'Option 1', 'Option 2', 'Option 3', 'Option 4', 2, 20),
	(932, 'Question Anlytical 87', 'Option 1', 'Option 2', 'Option 3', 'Option 4', 3, 20),
	(933, 'Question Anlytical 88', 'Option 1', 'Option 2', 'Option 3', 'Option 4', 4, 20),
	(934, 'Question Anlytical 89', 'Option 1', 'Option 2', 'Option 3', 'Option 4', 1, 20),
	(935, 'Question Anlytical 90', 'Option 1', 'Option 2', 'Option 3', 'Option 4', 2, 20),
	(936, 'Question Anlytical 91', 'Option 1', 'Option 2', 'Option 3', 'Option 4', 3, 20),
	(937, 'Question Anlytical 92', 'Option 1', 'Option 2', 'Option 3', 'Option 4', 4, 20),
	(938, 'Question Anlytical 93', 'Option 1', 'Option 2', 'Option 3', 'Option 4', 1, 20),
	(939, 'Question Anlytical 94', 'Option 1', 'Option 2', 'Option 3', 'Option 4', 2, 20),
	(940, 'Question Anlytical 95', 'Option 1', 'Option 2', 'Option 3', 'Option 4', 3, 20),
	(941, 'Question Anlytical 96', 'Option 1', 'Option 2', 'Option 3', 'Option 4', 4, 20),
	(942, 'Question Anlytical 97', 'Option 1', 'Option 2', 'Option 3', 'Option 4', 1, 20),
	(943, 'Question Anlytical 98', 'Option 1', 'Option 2', 'Option 3', 'Option 4', 2, 20),
	(944, 'Question Anlytical 99', 'Option 1', 'Option 2', 'Option 3', 'Option 4', 3, 20),
	(945, 'Question Anlytical 100', 'Option 1', 'Option 2', 'Option 3', 'Option 4', 4, 20),
	(946, 'Question SQL 1', 'Option 1', 'Option 2', 'Option 3', 'Option 4', 1, 21),
	(947, 'Question SQL 2', 'Option 1', 'Option 2', 'Option 3', 'Option 4', 2, 21),
	(948, 'Question SQL 3', 'Option 1', 'Option 2', 'Option 3', 'Option 4', 3, 21),
	(949, 'Question SQL 4', 'Option 1', 'Option 2', 'Option 3', 'Option 4', 4, 21),
	(950, 'Question SQL 5', 'Option 1', 'Option 2', 'Option 3', 'Option 4', 1, 21),
	(951, 'Question SQL 6', 'Option 1', 'Option 2', 'Option 3', 'Option 4', 2, 21),
	(952, 'Question SQL 7', 'Option 1', 'Option 2', 'Option 3', 'Option 4', 3, 21),
	(953, 'Question SQL 8', 'Option 1', 'Option 2', 'Option 3', 'Option 4', 4, 21),
	(954, 'Question SQL 9', 'Option 1', 'Option 2', 'Option 3', 'Option 4', 1, 21),
	(955, 'Question SQL 10', 'Option 1', 'Option 2', 'Option 3', 'Option 4', 2, 21),
	(956, 'Question SQL 11', 'Option 1', 'Option 2', 'Option 3', 'Option 4', 3, 21),
	(957, 'Question SQL 12', 'Option 1', 'Option 2', 'Option 3', 'Option 4', 4, 21),
	(958, 'Question SQL 13', 'Option 1', 'Option 2', 'Option 3', 'Option 4', 1, 21),
	(959, 'Question SQL 14', 'Option 1', 'Option 2', 'Option 3', 'Option 4', 2, 21),
	(960, 'Question SQL 15', 'Option 1', 'Option 2', 'Option 3', 'Option 4', 3, 21),
	(961, 'Question SQL 16', 'Option 1', 'Option 2', 'Option 3', 'Option 4', 4, 21),
	(962, 'Question SQL 17', 'Option 1', 'Option 2', 'Option 3', 'Option 4', 1, 21),
	(963, 'Question SQL 18', 'Option 1', 'Option 2', 'Option 3', 'Option 4', 2, 21),
	(964, 'Question SQL 19', 'Option 1', 'Option 2', 'Option 3', 'Option 4', 3, 21),
	(965, 'Question SQL 20', 'Option 1', 'Option 2', 'Option 3', 'Option 4', 4, 21),
	(966, 'Question SQL 21', 'Option 1', 'Option 2', 'Option 3', 'Option 4', 1, 21),
	(967, 'Question SQL 22', 'Option 1', 'Option 2', 'Option 3', 'Option 4', 2, 21),
	(968, 'Question SQL 23', 'Option 1', 'Option 2', 'Option 3', 'Option 4', 3, 21),
	(969, 'Question SQL 24', 'Option 1', 'Option 2', 'Option 3', 'Option 4', 4, 21),
	(970, 'Question SQL 25', 'Option 1', 'Option 2', 'Option 3', 'Option 4', 1, 21),
	(971, 'Question SQL 26', 'Option 1', 'Option 2', 'Option 3', 'Option 4', 2, 21),
	(972, 'Question SQL 27', 'Option 1', 'Option 2', 'Option 3', 'Option 4', 3, 21),
	(973, 'Question SQL 28', 'Option 1', 'Option 2', 'Option 3', 'Option 4', 4, 21),
	(974, 'Question SQL 29', 'Option 1', 'Option 2', 'Option 3', 'Option 4', 1, 21),
	(975, 'Question SQL 30', 'Option 1', 'Option 2', 'Option 3', 'Option 4', 2, 21),
	(976, 'Question SQL 31', 'Option 1', 'Option 2', 'Option 3', 'Option 4', 3, 21),
	(977, 'Question SQL 32', 'Option 1', 'Option 2', 'Option 3', 'Option 4', 4, 21),
	(978, 'Question SQL 33', 'Option 1', 'Option 2', 'Option 3', 'Option 4', 1, 21),
	(979, 'Question SQL 34', 'Option 1', 'Option 2', 'Option 3', 'Option 4', 2, 21),
	(980, 'Question SQL 35', 'Option 1', 'Option 2', 'Option 3', 'Option 4', 3, 21),
	(981, 'Question SQL 36', 'Option 1', 'Option 2', 'Option 3', 'Option 4', 4, 21),
	(982, 'Question SQL 37', 'Option 1', 'Option 2', 'Option 3', 'Option 4', 1, 21),
	(983, 'Question SQL 38', 'Option 1', 'Option 2', 'Option 3', 'Option 4', 2, 21),
	(984, 'Question SQL 39', 'Option 1', 'Option 2', 'Option 3', 'Option 4', 3, 21),
	(985, 'Question SQL 40', 'Option 1', 'Option 2', 'Option 3', 'Option 4', 4, 21),
	(986, 'Question SQL 41', 'Option 1', 'Option 2', 'Option 3', 'Option 4', 1, 21),
	(987, 'Question SQL 42', 'Option 1', 'Option 2', 'Option 3', 'Option 4', 2, 21),
	(988, 'Question SQL 43', 'Option 1', 'Option 2', 'Option 3', 'Option 4', 3, 21),
	(989, 'Question SQL 44', 'Option 1', 'Option 2', 'Option 3', 'Option 4', 4, 21),
	(990, 'Question SQL 45', 'Option 1', 'Option 2', 'Option 3', 'Option 4', 1, 21),
	(991, 'Question SQL 46', 'Option 1', 'Option 2', 'Option 3', 'Option 4', 2, 21),
	(992, 'Question SQL 47', 'Option 1', 'Option 2', 'Option 3', 'Option 4', 3, 21),
	(993, 'Question SQL 48', 'Option 1', 'Option 2', 'Option 3', 'Option 4', 4, 21),
	(994, 'Question SQL 49', 'Option 1', 'Option 2', 'Option 3', 'Option 4', 1, 21),
	(995, 'Question SQL 50', 'Option 1', 'Option 2', 'Option 3', 'Option 4', 2, 21),
	(996, 'Question SQL 51', 'Option 1', 'Option 2', 'Option 3', 'Option 4', 3, 21),
	(997, 'Question SQL 52', 'Option 1', 'Option 2', 'Option 3', 'Option 4', 4, 21),
	(998, 'Question SQL 53', 'Option 1', 'Option 2', 'Option 3', 'Option 4', 1, 21),
	(999, 'Question SQL 54', 'Option 1', 'Option 2', 'Option 3', 'Option 4', 2, 21),
	(1000, 'Question SQL 55', 'Option 1', 'Option 2', 'Option 3', 'Option 4', 3, 21),
	(1001, 'Question SQL 56', 'Option 1', 'Option 2', 'Option 3', 'Option 4', 4, 21),
	(1002, 'Question SQL 57', 'Option 1', 'Option 2', 'Option 3', 'Option 4', 1, 21),
	(1003, 'Question SQL 58', 'Option 1', 'Option 2', 'Option 3', 'Option 4', 2, 21),
	(1004, 'Question SQL 59', 'Option 1', 'Option 2', 'Option 3', 'Option 4', 3, 21),
	(1005, 'Question SQL 60', 'Option 1', 'Option 2', 'Option 3', 'Option 4', 4, 21),
	(1006, 'Question SQL 61', 'Option 1', 'Option 2', 'Option 3', 'Option 4', 1, 21),
	(1007, 'Question SQL 62', 'Option 1', 'Option 2', 'Option 3', 'Option 4', 2, 21),
	(1008, 'Question SQL 63', 'Option 1', 'Option 2', 'Option 3', 'Option 4', 3, 21),
	(1009, 'Question SQL 64', 'Option 1', 'Option 2', 'Option 3', 'Option 4', 4, 21),
	(1010, 'Question SQL 65', 'Option 1', 'Option 2', 'Option 3', 'Option 4', 1, 21),
	(1011, 'Question SQL 66', 'Option 1', 'Option 2', 'Option 3', 'Option 4', 2, 21),
	(1012, 'Question SQL 67', 'Option 1', 'Option 2', 'Option 3', 'Option 4', 3, 21),
	(1013, 'Question SQL 68', 'Option 1', 'Option 2', 'Option 3', 'Option 4', 4, 21),
	(1014, 'Question SQL 69', 'Option 1', 'Option 2', 'Option 3', 'Option 4', 1, 21),
	(1015, 'Question SQL 70', 'Option 1', 'Option 2', 'Option 3', 'Option 4', 2, 21),
	(1016, 'Question SQL 71', 'Option 1', 'Option 2', 'Option 3', 'Option 4', 3, 21),
	(1017, 'Question SQL 72', 'Option 1', 'Option 2', 'Option 3', 'Option 4', 4, 21),
	(1018, 'Question SQL 73', 'Option 1', 'Option 2', 'Option 3', 'Option 4', 1, 21),
	(1019, 'Question SQL 74', 'Option 1', 'Option 2', 'Option 3', 'Option 4', 2, 21),
	(1020, 'Question SQL 75', 'Option 1', 'Option 2', 'Option 3', 'Option 4', 3, 21),
	(1021, 'Question SQL 76', 'Option 1', 'Option 2', 'Option 3', 'Option 4', 4, 21),
	(1022, 'Question SQL 77', 'Option 1', 'Option 2', 'Option 3', 'Option 4', 1, 21),
	(1023, 'Question SQL 78', 'Option 1', 'Option 2', 'Option 3', 'Option 4', 2, 21),
	(1024, 'Question SQL 79', 'Option 1', 'Option 2', 'Option 3', 'Option 4', 3, 21),
	(1025, 'Question SQL 80', 'Option 1', 'Option 2', 'Option 3', 'Option 4', 4, 21),
	(1026, 'Question SQL 81', 'Option 1', 'Option 2', 'Option 3', 'Option 4', 1, 21),
	(1027, 'Question SQL 82', 'Option 1', 'Option 2', 'Option 3', 'Option 4', 2, 21),
	(1028, 'Question SQL 83', 'Option 1', 'Option 2', 'Option 3', 'Option 4', 3, 21),
	(1029, 'Question SQL 84', 'Option 1', 'Option 2', 'Option 3', 'Option 4', 4, 21),
	(1030, 'Question SQL 85', 'Option 1', 'Option 2', 'Option 3', 'Option 4', 1, 21),
	(1031, 'Question SQL 86', 'Option 1', 'Option 2', 'Option 3', 'Option 4', 2, 21),
	(1032, 'Question SQL 87', 'Option 1', 'Option 2', 'Option 3', 'Option 4', 3, 21),
	(1033, 'Question SQL 88', 'Option 1', 'Option 2', 'Option 3', 'Option 4', 4, 21),
	(1034, 'Question SQL 89', 'Option 1', 'Option 2', 'Option 3', 'Option 4', 1, 21),
	(1035, 'Question SQL 90', 'Option 1', 'Option 2', 'Option 3', 'Option 4', 2, 21),
	(1036, 'Question SQL 91', 'Option 1', 'Option 2', 'Option 3', 'Option 4', 3, 21),
	(1037, 'Question SQL 92', 'Option 1', 'Option 2', 'Option 3', 'Option 4', 4, 21),
	(1038, 'Question SQL 93', 'Option 1', 'Option 2', 'Option 3', 'Option 4', 1, 21),
	(1039, 'Question SQL 94', 'Option 1', 'Option 2', 'Option 3', 'Option 4', 2, 21),
	(1040, 'Question SQL 95', 'Option 1', 'Option 2', 'Option 3', 'Option 4', 3, 21),
	(1041, 'Question SQL 96', 'Option 1', 'Option 2', 'Option 3', 'Option 4', 4, 21),
	(1042, 'Question SQL 97', 'Option 1', 'Option 2', 'Option 3', 'Option 4', 1, 21),
	(1043, 'Question SQL 98', 'Option 1', 'Option 2', 'Option 3', 'Option 4', 2, 21),
	(1044, 'Question SQL 99', 'Option 1', 'Option 2', 'Option 3', 'Option 4', 3, 21),
	(1045, 'Question SQL 100', 'Option 1', 'Option 2', 'Option 3', 'Option 4', 4, 21),
	(1046, 'Question Python 1', 'Option 1', 'Option 2', 'Option 3', 'Option 4', 1, 22),
	(1047, 'Question Python 2', 'Option 1', 'Option 2', 'Option 3', 'Option 4', 2, 22),
	(1048, 'Question Python 3', 'Option 1', 'Option 2', 'Option 3', 'Option 4', 3, 22),
	(1049, 'Question Python 4', 'Option 1', 'Option 2', 'Option 3', 'Option 4', 4, 22),
	(1050, 'Question Python 5', 'Option 1', 'Option 2', 'Option 3', 'Option 4', 1, 22),
	(1051, 'Question Python 6', 'Option 1', 'Option 2', 'Option 3', 'Option 4', 2, 22),
	(1052, 'Question Python 7', 'Option 1', 'Option 2', 'Option 3', 'Option 4', 3, 22),
	(1053, 'Question Python 8', 'Option 1', 'Option 2', 'Option 3', 'Option 4', 4, 22),
	(1054, 'Question Python 9', 'Option 1', 'Option 2', 'Option 3', 'Option 4', 1, 22),
	(1055, 'Question Python 10', 'Option 1', 'Option 2', 'Option 3', 'Option 4', 2, 22),
	(1056, 'Question Python 11', 'Option 1', 'Option 2', 'Option 3', 'Option 4', 3, 22),
	(1057, 'Question Python 12', 'Option 1', 'Option 2', 'Option 3', 'Option 4', 4, 22),
	(1058, 'Question Python 13', 'Option 1', 'Option 2', 'Option 3', 'Option 4', 1, 22),
	(1059, 'Question Python 14', 'Option 1', 'Option 2', 'Option 3', 'Option 4', 2, 22),
	(1060, 'Question Python 15', 'Option 1', 'Option 2', 'Option 3', 'Option 4', 3, 22),
	(1061, 'Question Python 16', 'Option 1', 'Option 2', 'Option 3', 'Option 4', 4, 22),
	(1062, 'Question Python 17', 'Option 1', 'Option 2', 'Option 3', 'Option 4', 1, 22),
	(1063, 'Question Python 18', 'Option 1', 'Option 2', 'Option 3', 'Option 4', 2, 22),
	(1064, 'Question Python 19', 'Option 1', 'Option 2', 'Option 3', 'Option 4', 3, 22),
	(1065, 'Question Python 20', 'Option 1', 'Option 2', 'Option 3', 'Option 4', 4, 22),
	(1066, 'Question Python 21', 'Option 1', 'Option 2', 'Option 3', 'Option 4', 1, 22),
	(1067, 'Question Python 22', 'Option 1', 'Option 2', 'Option 3', 'Option 4', 2, 22),
	(1068, 'Question Python 23', 'Option 1', 'Option 2', 'Option 3', 'Option 4', 3, 22),
	(1069, 'Question Python 24', 'Option 1', 'Option 2', 'Option 3', 'Option 4', 4, 22),
	(1070, 'Question Python 25', 'Option 1', 'Option 2', 'Option 3', 'Option 4', 1, 22),
	(1071, 'Question Python 26', 'Option 1', 'Option 2', 'Option 3', 'Option 4', 2, 22),
	(1072, 'Question Python 27', 'Option 1', 'Option 2', 'Option 3', 'Option 4', 3, 22),
	(1073, 'Question Python 28', 'Option 1', 'Option 2', 'Option 3', 'Option 4', 4, 22),
	(1074, 'Question Python 29', 'Option 1', 'Option 2', 'Option 3', 'Option 4', 1, 22),
	(1075, 'Question Python 30', 'Option 1', 'Option 2', 'Option 3', 'Option 4', 2, 22),
	(1076, 'Question Python 31', 'Option 1', 'Option 2', 'Option 3', 'Option 4', 3, 22),
	(1077, 'Question Python 32', 'Option 1', 'Option 2', 'Option 3', 'Option 4', 4, 22),
	(1078, 'Question Python 33', 'Option 1', 'Option 2', 'Option 3', 'Option 4', 1, 22),
	(1079, 'Question Python 34', 'Option 1', 'Option 2', 'Option 3', 'Option 4', 2, 22),
	(1080, 'Question Python 35', 'Option 1', 'Option 2', 'Option 3', 'Option 4', 3, 22),
	(1081, 'Question Python 36', 'Option 1', 'Option 2', 'Option 3', 'Option 4', 4, 22),
	(1082, 'Question Python 37', 'Option 1', 'Option 2', 'Option 3', 'Option 4', 1, 22),
	(1083, 'Question Python 38', 'Option 1', 'Option 2', 'Option 3', 'Option 4', 2, 22),
	(1084, 'Question Python 39', 'Option 1', 'Option 2', 'Option 3', 'Option 4', 3, 22),
	(1085, 'Question Python 40', 'Option 1', 'Option 2', 'Option 3', 'Option 4', 4, 22),
	(1086, 'Question Python 41', 'Option 1', 'Option 2', 'Option 3', 'Option 4', 1, 22),
	(1087, 'Question Python 42', 'Option 1', 'Option 2', 'Option 3', 'Option 4', 2, 22),
	(1088, 'Question Python 43', 'Option 1', 'Option 2', 'Option 3', 'Option 4', 3, 22),
	(1089, 'Question Python 44', 'Option 1', 'Option 2', 'Option 3', 'Option 4', 4, 22),
	(1090, 'Question Python 45', 'Option 1', 'Option 2', 'Option 3', 'Option 4', 1, 22),
	(1091, 'Question Python 46', 'Option 1', 'Option 2', 'Option 3', 'Option 4', 2, 22),
	(1092, 'Question Python 47', 'Option 1', 'Option 2', 'Option 3', 'Option 4', 3, 22),
	(1093, 'Question Python 48', 'Option 1', 'Option 2', 'Option 3', 'Option 4', 4, 22),
	(1094, 'Question Python 49', 'Option 1', 'Option 2', 'Option 3', 'Option 4', 1, 22),
	(1095, 'Question Python 50', 'Option 1', 'Option 2', 'Option 3', 'Option 4', 2, 22),
	(1096, 'Question Python 51', 'Option 1', 'Option 2', 'Option 3', 'Option 4', 3, 22),
	(1097, 'Question Python 52', 'Option 1', 'Option 2', 'Option 3', 'Option 4', 4, 22),
	(1098, 'Question Python 53', 'Option 1', 'Option 2', 'Option 3', 'Option 4', 1, 22),
	(1099, 'Question Python 54', 'Option 1', 'Option 2', 'Option 3', 'Option 4', 2, 22),
	(1100, 'Question Python 55', 'Option 1', 'Option 2', 'Option 3', 'Option 4', 3, 22),
	(1101, 'Question Python 56', 'Option 1', 'Option 2', 'Option 3', 'Option 4', 4, 22),
	(1102, 'Question Python 57', 'Option 1', 'Option 2', 'Option 3', 'Option 4', 1, 22),
	(1103, 'Question Python 58', 'Option 1', 'Option 2', 'Option 3', 'Option 4', 2, 22),
	(1104, 'Question Python 59', 'Option 1', 'Option 2', 'Option 3', 'Option 4', 3, 22),
	(1105, 'Question Python 60', 'Option 1', 'Option 2', 'Option 3', 'Option 4', 4, 22),
	(1106, 'Question Python 61', 'Option 1', 'Option 2', 'Option 3', 'Option 4', 1, 22),
	(1107, 'Question Python 62', 'Option 1', 'Option 2', 'Option 3', 'Option 4', 2, 22),
	(1108, 'Question Python 63', 'Option 1', 'Option 2', 'Option 3', 'Option 4', 3, 22),
	(1109, 'Question Python 64', 'Option 1', 'Option 2', 'Option 3', 'Option 4', 4, 22),
	(1110, 'Question Python 65', 'Option 1', 'Option 2', 'Option 3', 'Option 4', 1, 22),
	(1111, 'Question Python 66', 'Option 1', 'Option 2', 'Option 3', 'Option 4', 2, 22),
	(1112, 'Question Python 67', 'Option 1', 'Option 2', 'Option 3', 'Option 4', 3, 22),
	(1113, 'Question Python 68', 'Option 1', 'Option 2', 'Option 3', 'Option 4', 4, 22),
	(1114, 'Question Python 69', 'Option 1', 'Option 2', 'Option 3', 'Option 4', 1, 22),
	(1115, 'Question Python 70', 'Option 1', 'Option 2', 'Option 3', 'Option 4', 2, 22),
	(1116, 'Question Python 71', 'Option 1', 'Option 2', 'Option 3', 'Option 4', 3, 22),
	(1117, 'Question Python 72', 'Option 1', 'Option 2', 'Option 3', 'Option 4', 4, 22),
	(1118, 'Question Python 73', 'Option 1', 'Option 2', 'Option 3', 'Option 4', 1, 22),
	(1119, 'Question Python 74', 'Option 1', 'Option 2', 'Option 3', 'Option 4', 2, 22),
	(1120, 'Question Python 75', 'Option 1', 'Option 2', 'Option 3', 'Option 4', 3, 22),
	(1121, 'Question Python 76', 'Option 1', 'Option 2', 'Option 3', 'Option 4', 4, 22),
	(1122, 'Question Python 77', 'Option 1', 'Option 2', 'Option 3', 'Option 4', 1, 22),
	(1123, 'Question Python 78', 'Option 1', 'Option 2', 'Option 3', 'Option 4', 2, 22),
	(1124, 'Question Python 79', 'Option 1', 'Option 2', 'Option 3', 'Option 4', 3, 22),
	(1125, 'Question Python 80', 'Option 1', 'Option 2', 'Option 3', 'Option 4', 4, 22),
	(1126, 'Question Python 81', 'Option 1', 'Option 2', 'Option 3', 'Option 4', 1, 22),
	(1127, 'Question Python 82', 'Option 1', 'Option 2', 'Option 3', 'Option 4', 2, 22),
	(1128, 'Question Python 83', 'Option 1', 'Option 2', 'Option 3', 'Option 4', 3, 22),
	(1129, 'Question Python 84', 'Option 1', 'Option 2', 'Option 3', 'Option 4', 4, 22),
	(1130, 'Question Python 85', 'Option 1', 'Option 2', 'Option 3', 'Option 4', 1, 22),
	(1131, 'Question Python 86', 'Option 1', 'Option 2', 'Option 3', 'Option 4', 2, 22),
	(1132, 'Question Python 87', 'Option 1', 'Option 2', 'Option 3', 'Option 4', 3, 22),
	(1133, 'Question Python 88', 'Option 1', 'Option 2', 'Option 3', 'Option 4', 4, 22),
	(1134, 'Question Python 89', 'Option 1', 'Option 2', 'Option 3', 'Option 4', 1, 22),
	(1135, 'Question Python 90', 'Option 1', 'Option 2', 'Option 3', 'Option 4', 2, 22),
	(1136, 'Question Python 91', 'Option 1', 'Option 2', 'Option 3', 'Option 4', 3, 22),
	(1137, 'Question Python 92', 'Option 1', 'Option 2', 'Option 3', 'Option 4', 4, 22),
	(1138, 'Question Python 93', 'Option 1', 'Option 2', 'Option 3', 'Option 4', 1, 22),
	(1139, 'Question Python 94', 'Option 1', 'Option 2', 'Option 3', 'Option 4', 2, 22),
	(1140, 'Question Python 95', 'Option 1', 'Option 2', 'Option 3', 'Option 4', 3, 22),
	(1141, 'Question Python 96', 'Option 1', 'Option 2', 'Option 3', 'Option 4', 4, 22),
	(1142, 'Question Python 97', 'Option 1', 'Option 2', 'Option 3', 'Option 4', 1, 22),
	(1143, 'Question Python 98', 'Option 1', 'Option 2', 'Option 3', 'Option 4', 2, 22),
	(1144, 'Question Python 99', 'Option 1', 'Option 2', 'Option 3', 'Option 4', 3, 22),
	(1145, 'Question Python 100', 'Option 1', 'Option 2', 'Option 3', 'Option 4', 4, 22);
/*!40000 ALTER TABLE `questions` ENABLE KEYS */;

/*!40101 SET SQL_MODE=IFNULL(@OLD_SQL_MODE, '') */;
/*!40014 SET FOREIGN_KEY_CHECKS=IF(@OLD_FOREIGN_KEY_CHECKS IS NULL, 1, @OLD_FOREIGN_KEY_CHECKS) */;
/*!40101 SET CHARACTER_SET_CLIENT=@OLD_CHARACTER_SET_CLIENT */;
